Year,Gender,Intent,Substance,Under1_year,1to4_Years,5to14_years,15to24_years,25to34_years,35to44_years,45to54_years,55to64_years,65to74_years,75to84_years,85Plus_years
2021,Female,"All (preventable, intentional, undetermined)",All drugs,35,59,2311,6709,7967,6912,59,6122,1718,357,148
2021,Female,"All (preventable, intentional, undetermined)",Any Opioid,25,50,1866,5539,6046,4757,33,4155,1008,123,51
2021,Female,"All (preventable, intentional, undetermined)",Benzodiazepines,0,0,329,1012,1241,1097,0,986,299,57,29
2021,Female,"All (preventable, intentional, undetermined)",Cannabis,0,0,41,77,78,65,0,41,5,0,0
2021,Female,"All (preventable, intentional, undetermined)",Cocaine,0,0,384,1402,1784,1614,0,1423,229,14,0
2021,Female,"All (preventable, intentional, undetermined)",Opioid subgroup - heroin,0,0,126,552,615,510,0,465,94,5,0
2021,Female,"All (preventable, intentional, undetermined)",Opioid subgroup - methadone,0,0,28,262,392,354,0,390,85,2,0
2021,Female,"All (preventable, intentional, undetermined)",Opioid subgroup – including fentanyl,24,42,1755,5021,5186,3804,29,3056,583,55,15
2021,Female,"All (preventable, intentional, undetermined)",Opioid subgroup – including oxycodone and hydrocodone,0,0,182,811,1222,1236,0,1309,457,81,39
2021,Female,"All (preventable, intentional, undetermined)",Psychostimulants – incl. methamphetamine,10,0,541,2119,2700,2072,0,1499,252,15,0
2021,Female,Preventable/accidental,All drugs,12,15,1981,6149,7284,6120,28,5349,1321,189,84
2021,Female,Preventable/accidental,Any Opioid,0,11,1750,5247,5708,4386,21,3764,825,52,20
2021,Female,Preventable/accidental,Benzodiazepines,0,0,300,937,1115,937,0,810,211,10,0
2021,Female,Preventable/accidental,Cannabis,0,0,39,75,74,63,0,38,4,0,0
2021,Female,Preventable/accidental,Cocaine,0,0,365,1342,1701,1536,0,1373,224,14,0
2021,Female,Preventable/accidental,Opioid subgroup - heroin,0,0,123,535,601,498,0,454,91,0,0
2021,Female,Preventable/accidental,Opioid subgroup - methadone,0,0,23,237,360,328,0,340,82,0,0
2021,Female,Preventable/accidental,Opioid subgroup – including fentanyl,0,10,1662,4784,4941,3585,21,2862,525,30,18
2021,Female,Preventable/accidental,Opioid subgroup – including oxycodone and hydrocodone,0,0,158,752,1114,1074,0,1109,323,24,11
2021,Female,Preventable/accidental,Psychostimulants – incl. methamphetamine,0,0,508,2044,2598,1986,0,1461,249,14,0
2020,Female,"All (preventable, intentional, undetermined)",All drugs,31,28,66,1990,6141,6791,6089,5096,1371,313,153
2020,Female,"All (preventable, intentional, undetermined)",Any Opioid,11,26,28,1584,4987,5028,4074,3307,764,117,44
2020,Female,"All (preventable, intentional, undetermined)",Benzodiazepines,1,0,2,330,1035,1187,1027,898,251,56,23
2020,Female,"All (preventable, intentional, undetermined)",Cannabis,0,0,1,36,59,57,43,32,5,0,0
2020,Female,"All (preventable, intentional, undetermined)",Cocaine,1,0,0,299,1230,1363,1243,963,142,4,0
2020,Female,"All (preventable, intentional, undetermined)",Opioid subgroup - heroin,0,0,1,230,965,866,639,488,90,5,0
2020,Female,"All (preventable, intentional, undetermined)",Opioid subgroup - methadone,1,5,3,29,228,384,349,334,76,2,0
2020,Female,"All (preventable, intentional, undetermined)",Opioid subgroup – including fentanyl,8,18,18,1428,4222,3999,2985,2145,371,47,9
2020,Female,"All (preventable, intentional, undetermined)",Opioid subgroup – including oxycodone and hydrocodone,3,3,7,196,940,1180,1228,1231,383,79,36
2020,Female,"All (preventable, intentional, undetermined)",Psychostimulants – incl. methamphetamine,18,1,2,444,1744,1933,1542,1025,171,6,2
2020,Female,Preventable/accidental,All drugs,4,10,24,1719,5608,6101,5269,4325,976,179,93
2020,Female,Preventable/accidental,Any Opioid,1,9,17,1506,4697,4701,3701,2917,572,56,15
2020,Female,Preventable/accidental,Benzodiazepines,0,0,1,302,950,1066,863,736,149,14,7
2020,Female,Preventable/accidental,Cannabis,0,0,0,32,59,54,38,30,4,0,0
2020,Female,Preventable/accidental,Cocaine,0,0,0,282,1162,1298,1172,924,137,3,0
2020,Female,Preventable/accidental,Opioid subgroup - heroin,0,0,1,220,931,841,624,472,89,5,0
2020,Female,Preventable/accidental,Opioid subgroup - methadone,0,1,0,27,205,351,312,298,69,0,0
2020,Female,Preventable/accidental,Opioid subgroup – including fentanyl,1,6,16,1368,3999,3777,2777,1967,319,26,4
2020,Female,Preventable/accidental,Opioid subgroup – including oxycodone and hydrocodone,0,2,1,176,869,1060,1053,1006,233,33,11
2020,Female,Preventable/accidental,Psychostimulants – incl. methamphetamine,3,0,1,424,1668,1831,1488,981,164,4,0
2019,Female,"All (preventable, intentional, undetermined)",All drugs,20,26,41,1459,4767,5088,5200,4411,1248,337,149
2019,Female,"All (preventable, intentional, undetermined)",Any Opioid,9,18,18,1058,3763,3536,3247,2733,662,136,42
2019,Female,"All (preventable, intentional, undetermined)",Benzodiazepines,0,1,3,208,750,872,968,880,232,57,15
2019,Female,"All (preventable, intentional, undetermined)",Cannabis,0,0,1,33,47,65,53,26,3,0,0
2019,Female,"All (preventable, intentional, undetermined)",Cocaine,1,0,2,236,1044,1083,1085,760,119,4,1
2019,Female,"All (preventable, intentional, undetermined)",Opioid subgroup - heroin,0,1,1,280,1085,852,672,526,97,4,1
2019,Female,"All (preventable, intentional, undetermined)",Opioid subgroup - methadone,2,3,4,25,220,291,289,248,54,3,1
2019,Female,"All (preventable, intentional, undetermined)",Opioid subgroup – including fentanyl,5,13,8,865,2938,2453,2014,1486,256,29,6
2019,Female,"All (preventable, intentional, undetermined)",Opioid subgroup – including oxycodone and hydrocodone,3,2,7,180,777,1020,1169,1143,398,106,35
2019,Female,"All (preventable, intentional, undetermined)",Psychostimulants – incl. methamphetamine,8,1,2,313,1176,1240,1099,757,130,6,1
2019,Female,Preventable/accidental,All drugs,6,10,11,1163,4256,4420,4227,3501,818,170,83
2019,Female,Preventable/accidental,Any Opioid,4,5,7,956,3506,3236,2824,2278,474,55,11
2019,Female,Preventable/accidental,Benzodiazepines,0,0,1,180,679,778,772,664,128,13,4
2019,Female,Preventable/accidental,Cannabis,0,0,0,30,45,62,46,22,3,0,0
2019,Female,Preventable/accidental,Cocaine,1,0,1,218,980,1016,1004,729,114,4,0
2019,Female,Preventable/accidental,Opioid subgroup - heroin,0,1,0,266,1044,818,646,507,95,2,1
2019,Female,Preventable/accidental,Opioid subgroup - methadone,2,0,1,20,201,258,260,223,44,0,0
2019,Female,Preventable/accidental,Opioid subgroup – including fentanyl,1,5,6,800,2751,2278,1802,1290,206,12,2
2019,Female,Preventable/accidental,Opioid subgroup – including oxycodone and hydrocodone,1,0,1,141,693,895,939,875,250,39,8
2019,Female,Preventable/accidental,Psychostimulants – incl. methamphetamine,2,0,1,281,1120,1177,1037,714,121,5,1
2018,Female,"All (preventable, intentional, undetermined)",All drugs,16,11,33,1481,4687,5015,5222,4353,1146,303,155
2018,Female,"All (preventable, intentional, undetermined)",Any Opioid,6,9,13,1091,3604,3409,3248,2609,587,108,37
2018,Female,"All (preventable, intentional, undetermined)",Benzodiazepines,0,0,1,263,822,998,1072,1000,256,47,22
2018,Female,"All (preventable, intentional, undetermined)",Cannabis,0,0,0,16,50,43,38,27,5,0,0
2018,Female,"All (preventable, intentional, undetermined)",Cocaine,3,1,0,265,1063,1076,998,737,78,5,1
2018,Female,"All (preventable, intentional, undetermined)",Opioid subgroup - heroin,2,0,0,339,1162,915,717,504,65,0,0
2018,Female,"All (preventable, intentional, undetermined)",Opioid subgroup - methadone,0,1,2,34,230,298,341,302,55,3,0
2018,Female,"All (preventable, intentional, undetermined)",Opioid subgroup – including fentanyl,5,5,6,799,2655,2173,1778,1177,176,22,10
2018,Female,"All (preventable, intentional, undetermined)",Opioid subgroup – including oxycodone and hydrocodone,0,3,6,213,758,1115,1357,1283,376,88,29
2018,Female,"All (preventable, intentional, undetermined)",Psychostimulants – incl. methamphetamine,4,0,5,294,1002,996,857,528,82,6,0
2018,Female,Preventable/accidental,All drugs,4,3,10,1221,4165,4315,4244,3391,716,172,85
2018,Female,Preventable/accidental,Any Opioid,1,1,6,1000,3345,3092,2826,2181,391,44,10
2018,Female,Preventable/accidental,Benzodiazepines,0,0,0,235,729,852,876,748,136,11,4
2018,Female,Preventable/accidental,Cannabis,0,0,0,16,47,40,34,23,4,0,0
2018,Female,Preventable/accidental,Cocaine,1,1,0,245,998,1010,919,703,72,5,0
2018,Female,Preventable/accidental,Opioid subgroup - heroin,0,0,0,321,1120,873,681,483,61,0,0
2018,Female,Preventable/accidental,Opioid subgroup - methadone,0,0,1,32,206,271,305,273,47,1,0
2018,Female,Preventable/accidental,Opioid subgroup – including fentanyl,1,1,2,741,2480,2013,1593,1025,135,11,3
2018,Female,Preventable/accidental,Opioid subgroup – including oxycodone and hydrocodone,0,0,3,183,672,945,1124,1000,216,32,6
2018,Female,Preventable/accidental,Psychostimulants – incl. methamphetamine,1,0,5,279,948,950,799,506,80,4,0
2017,Female,"All (preventable, intentional, undetermined)",All drugs,17,13,48,1663,4918,5152,5907,4408,1103,294,159
2017,Female,"All (preventable, intentional, undetermined)",Any Opioid,10,9,19,1209,3592,3386,3618,2681,571,118,48
2017,Female,"All (preventable, intentional, undetermined)",Benzodiazepines,1,1,3,298,918,1024,1242,1000,209,54,21
2017,Female,"All (preventable, intentional, undetermined)",Cannabis,0,0,1,16,48,34,35,30,1,1,0
2017,Female,"All (preventable, intentional, undetermined)",Cocaine,1,0,0,291,1020,941,1010,593,57,7,0
2017,Female,"All (preventable, intentional, undetermined)",Opioid subgroup - heroin,1,0,1,423,1218,957,760,458,63,1,3
2017,Female,"All (preventable, intentional, undetermined)",Opioid subgroup - methadone,2,0,6,50,244,326,328,314,51,5,1
2017,Female,"All (preventable, intentional, undetermined)",Opioid subgroup – including fentanyl,4,5,4,778,2308,1908,1680,1039,185,21,10
2017,Female,"All (preventable, intentional, undetermined)",Opioid subgroup – including oxycodone and hydrocodone,5,5,10,285,951,1186,1717,1440,366,94,37
2017,Female,"All (preventable, intentional, undetermined)",Psychostimulants – incl. methamphetamine,2,1,1,281,813,777,750,420,46,1,0
2017,Female,Preventable/accidental,All drugs,3,6,12,1386,4367,4425,4785,3416,661,170,98
2017,Female,Preventable/accidental,Any Opioid,1,4,6,1100,3310,3085,3113,2194,367,60,23
2017,Female,Preventable/accidental,Benzodiazepines,0,0,1,267,827,887,996,747,120,16,4
2017,Female,Preventable/accidental,Cannabis,0,0,1,15,46,32,32,24,0,1,0
2017,Female,Preventable/accidental,Cocaine,0,0,0,277,974,883,941,552,52,7,0
2017,Female,Preventable/accidental,Opioid subgroup - heroin,0,0,0,397,1171,922,704,426,59,1,3
2017,Female,Preventable/accidental,Opioid subgroup - methadone,0,0,3,46,212,286,290,263,45,3,0
2017,Female,Preventable/accidental,Opioid subgroup – including fentanyl,1,4,2,729,2136,1758,1489,895,135,13,4
2017,Female,Preventable/accidental,Opioid subgroup – including oxycodone and hydrocodone,0,1,2,235,836,1041,1420,1122,208,45,18
2017,Female,Preventable/accidental,Psychostimulants – incl. methamphetamine,0,1,0,254,761,707,697,392,40,0,0
2016,Female,"All (preventable, intentional, undetermined)",All drugs,15,20,39,1483,4397,4726,5796,4186,997,261,151
2016,Female,"All (preventable, intentional, undetermined)",Any Opioid,7,15,22,1041,3116,3046,3416,2460,505,88,33
2016,Female,"All (preventable, intentional, undetermined)",Benzodiazepines,1,0,2,247,790,1024,1152,896,195,31,20
2016,Female,"All (preventable, intentional, undetermined)",Cannabis,0,0,0,15,23,44,31,21,3,0,0
2016,Female,"All (preventable, intentional, undetermined)",Cocaine,5,0,0,204,692,695,788,454,40,3,0
2016,Female,"All (preventable, intentional, undetermined)",Opioid subgroup - heroin,1,1,1,453,1193,840,770,417,41,0,0
2016,Female,"All (preventable, intentional, undetermined)",Opioid subgroup - methadone,2,5,5,48,262,327,367,306,33,4,3
2016,Female,"All (preventable, intentional, undetermined)",Opioid subgroup – including fentanyl,2,1,7,524,1568,1322,1250,744,135,18,6
2016,Female,"All (preventable, intentional, undetermined)",Opioid subgroup – including oxycodone and hydrocodone,3,8,11,256,919,1271,1759,1403,351,68,21
2016,Female,"All (preventable, intentional, undetermined)",Psychostimulants – incl. methamphetamine,2,1,1,183,544,513,595,312,40,2,0
2016,Female,Preventable/accidental,All drugs,2,4,14,1229,3845,3953,4602,3170,587,135,91
2016,Female,Preventable/accidental,Any Opioid,1,4,7,930,2836,2713,2902,1984,319,33,14
2016,Female,Preventable/accidental,Benzodiazepines,0,0,1,214,682,868,933,662,88,6,3
2016,Female,Preventable/accidental,Cannabis,0,0,0,14,21,43,29,19,2,0,0
2016,Female,Preventable/accidental,Cocaine,1,0,0,194,652,661,738,431,38,3,0
2016,Female,Preventable/accidental,Opioid subgroup - heroin,0,1,1,419,1117,801,717,386,38,0,0
2016,Female,Preventable/accidental,Opioid subgroup - methadone,0,1,1,38,232,285,331,268,30,3,1
2016,Female,Preventable/accidental,Opioid subgroup – including fentanyl,0,0,3,484,1445,1197,1070,623,99,3,2
2016,Female,Preventable/accidental,Opioid subgroup – including oxycodone and hydrocodone,1,2,3,206,793,1072,1416,1061,210,24,8
2016,Female,Preventable/accidental,Psychostimulants – incl. methamphetamine,0,0,1,166,496,469,543,284,35,2,0
2015,Female,"All (preventable, intentional, undetermined)",All drugs,10,33,34,1258,3430,4170,5460,3729,890,263,168
2015,Female,"All (preventable, intentional, undetermined)",Any Opioid,5,23,14,871,2284,2540,3072,2075,405,90,39
2015,Female,"All (preventable, intentional, undetermined)",Benzodiazepines,0,3,2,189,633,835,1132,750,177,43,15
2015,Female,"All (preventable, intentional, undetermined)",Cannabis,0,0,0,14,19,27,24,17,0,0,0
2015,Female,"All (preventable, intentional, undetermined)",Cocaine,0,1,0,139,439,443,559,287,30,1,0
2015,Female,"All (preventable, intentional, undetermined)",Opioid subgroup - heroin,0,4,0,477,995,707,582,311,31,0,1
2015,Female,"All (preventable, intentional, undetermined)",Opioid subgroup - methadone,1,5,0,52,241,307,419,289,45,1,1
2015,Female,"All (preventable, intentional, undetermined)",Opioid subgroup – including fentanyl,1,3,4,281,720,701,746,455,86,15,7
2015,Female,"All (preventable, intentional, undetermined)",Opioid subgroup – including oxycodone and hydrocodone,3,11,9,222,757,1250,1731,1255,272,69,30
2015,Female,"All (preventable, intentional, undetermined)",Psychostimulants – incl. methamphetamine,4,1,2,157,417,394,480,265,24,1,0
2015,Female,Preventable/accidental,All drugs,4,14,11,1043,2922,3354,4271,2735,529,152,102
2015,Female,Preventable/accidental,Any Opioid,2,8,7,790,2073,2207,2595,1670,275,41,12
2015,Female,Preventable/accidental,Benzodiazepines,0,1,0,161,545,686,865,539,91,11,3
2015,Female,Preventable/accidental,Cannabis,0,0,0,13,17,27,23,11,0,0,0
2015,Female,Preventable/accidental,Cocaine,0,0,0,132,407,416,524,271,29,1,0
2015,Female,Preventable/accidental,Opioid subgroup - heroin,0,0,0,451,939,660,561,292,30,0,0
2015,Female,Preventable/accidental,Opioid subgroup - methadone,0,2,0,48,216,274,373,250,41,1,0
2015,Female,Preventable/accidental,Opioid subgroup – including fentanyl,0,2,2,251,659,611,632,358,53,10,2
2015,Female,Preventable/accidental,Opioid subgroup – including oxycodone and hydrocodone,2,4,5,187,653,1044,1409,974,171,29,8
2015,Female,Preventable/accidental,Psychostimulants – incl. methamphetamine,2,1,1,140,383,344,429,245,21,1,0
2014,Female,"All (preventable, intentional, undetermined)",All drugs,13,21,25,1075,3043,3918,5220,3576,913,273,163
2014,Female,"All (preventable, intentional, undetermined)",Any Opioid,4,16,12,711,1892,2285,2878,1864,435,82,48
2014,Female,"All (preventable, intentional, undetermined)",Benzodiazepines,0,1,1,167,564,794,1049,709,149,43,10
2014,Female,"All (preventable, intentional, undetermined)",Cannabis,0,0,0,17,16,20,20,6,0,0,0
2014,Female,"All (preventable, intentional, undetermined)",Cocaine,0,0,0,84,342,380,482,227,16,3,1
2014,Female,"All (preventable, intentional, undetermined)",Opioid subgroup - heroin,0,0,1,373,787,538,491,206,15,1,2
2014,Female,"All (preventable, intentional, undetermined)",Opioid subgroup - methadone,2,4,1,68,267,328,409,266,40,4,2
2014,Female,"All (preventable, intentional, undetermined)",Opioid subgroup – including fentanyl,1,3,1,138,418,475,579,346,89,19,10
2014,Female,"All (preventable, intentional, undetermined)",Opioid subgroup – including oxycodone and hydrocodone,1,9,10,197,693,1197,1694,1216,318,60,32
2014,Female,"All (preventable, intentional, undetermined)",Psychostimulants – incl. methamphetamine,7,1,0,103,287,316,369,171,23,0,1
2014,Female,Preventable/accidental,All drugs,2,9,7,874,2532,3062,4081,2624,544,148,107
2014,Female,Preventable/accidental,Any Opioid,0,7,4,643,1690,1960,2406,1466,275,36,23
2014,Female,Preventable/accidental,Benzodiazepines,0,1,0,142,474,637,832,505,71,9,4
2014,Female,Preventable/accidental,Cannabis,0,0,0,15,15,16,18,5,0,0,0
2014,Female,Preventable/accidental,Cocaine,0,0,0,78,324,350,453,215,16,3,1
2014,Female,Preventable/accidental,Opioid subgroup - heroin,0,0,1,354,748,506,468,194,14,0,2
2014,Female,Preventable/accidental,Opioid subgroup - methadone,0,2,1,61,241,286,356,223,34,2,2
2014,Female,Preventable/accidental,Opioid subgroup – including fentanyl,0,2,1,124,357,402,470,266,56,10,5
2014,Female,Preventable/accidental,Opioid subgroup – including oxycodone and hydrocodone,0,3,2,166,592,996,1367,920,194,26,13
2014,Female,Preventable/accidental,Psychostimulants – incl. methamphetamine,2,0,0,94,254,275,338,157,16,0,0
2013,Female,"All (preventable, intentional, undetermined)",All drugs,17,18,21,1028,2750,3662,5248,3242,790,265,141
2013,Female,"All (preventable, intentional, undetermined)",Any Opioid,5,10,11,640,1643,1980,2712,1616,344,61,33
2013,Female,"All (preventable, intentional, undetermined)",Benzodiazepines,0,1,0,133,511,657,970,591,131,26,6
2013,Female,"All (preventable, intentional, undetermined)",Cannabis,0,0,0,9,17,18,19,6,0,0,0
2013,Female,"All (preventable, intentional, undetermined)",Cocaine,0,0,0,78,276,313,497,194,18,0,0
2013,Female,"All (preventable, intentional, undetermined)",Opioid subgroup - heroin,0,0,0,322,544,378,345,134,7,2,0
2013,Female,"All (preventable, intentional, undetermined)",Opioid subgroup - methadone,1,3,2,68,283,381,403,262,50,3,1
2013,Female,"All (preventable, intentional, undetermined)",Opioid subgroup – including fentanyl,0,1,1,68,202,294,485,302,61,12,5
2013,Female,"All (preventable, intentional, undetermined)",Opioid subgroup – including oxycodone and hydrocodone,4,6,8,186,705,1046,1622,1022,243,46,28
2013,Female,"All (preventable, intentional, undetermined)",Psychostimulants – incl. methamphetamine,1,0,1,100,241,255,333,155,20,0,0
2013,Female,Preventable/accidental,All drugs,2,9,6,806,2239,2877,4030,2274,470,152,90
2013,Female,Preventable/accidental,Any Opioid,2,3,3,552,1421,1691,2225,1275,210,27,15
2013,Female,Preventable/accidental,Benzodiazepines,0,0,0,110,424,528,745,418,65,8,0
2013,Female,Preventable/accidental,Cannabis,0,0,0,9,15,18,18,4,0,0,0
2013,Female,Preventable/accidental,Cocaine,0,0,0,76,259,297,467,184,18,0,0
2013,Female,Preventable/accidental,Opioid subgroup - heroin,0,0,0,302,511,358,329,128,6,2,0
2013,Female,Preventable/accidental,Opioid subgroup - methadone,0,0,1,60,242,340,364,226,40,2,0
2013,Female,Preventable/accidental,Opioid subgroup – including fentanyl,0,0,1,51,164,243,381,229,39,9,2
2013,Female,Preventable/accidental,Opioid subgroup – including oxycodone and hydrocodone,2,3,1,132,589,863,1272,773,137,15,11
2013,Female,Preventable/accidental,Psychostimulants – incl. methamphetamine,0,0,1,86,213,226,306,139,18,0,0
2012,Female,"All (preventable, intentional, undetermined)",All drugs,14,15,17,945,2748,3474,5258,2806,700,264,149
2012,Female,"All (preventable, intentional, undetermined)",Any Opioid,8,9,5,575,1617,1801,2685,1343,276,78,35
2012,Female,"All (preventable, intentional, undetermined)",Benzodiazepines,0,1,0,137,467,631,935,470,114,27,7
2012,Female,"All (preventable, intentional, undetermined)",Cannabis,0,0,0,8,17,11,18,5,0,0,0
2012,Female,"All (preventable, intentional, undetermined)",Cocaine,1,0,0,70,256,273,465,185,12,0,0
2012,Female,"All (preventable, intentional, undetermined)",Opioid subgroup - heroin,0,0,0,241,422,216,255,74,4,0,1
2012,Female,"All (preventable, intentional, undetermined)",Opioid subgroup - methadone,1,0,1,78,314,352,470,229,30,3,2
2012,Female,"All (preventable, intentional, undetermined)",Opioid subgroup – including fentanyl,1,1,1,35,206,231,422,221,54,20,3
2012,Female,"All (preventable, intentional, undetermined)",Opioid subgroup – including oxycodone and hydrocodone,6,6,3,227,724,1083,1627,892,198,55,24
2012,Female,"All (preventable, intentional, undetermined)",Psychostimulants – incl. methamphetamine,2,0,2,63,198,200,247,95,9,0,0
2012,Female,Preventable/accidental,All drugs,3,8,11,727,2225,2674,3990,1935,396,151,102
2012,Female,Preventable/accidental,Any Opioid,2,5,5,498,1410,1535,2183,1015,172,38,18
2012,Female,Preventable/accidental,Benzodiazepines,0,0,0,115,390,520,712,315,58,7,1
2012,Female,Preventable/accidental,Cannabis,0,0,0,7,15,10,14,3,0,0,0
2012,Female,Preventable/accidental,Cocaine,0,0,0,63,241,247,436,170,11,0,0
2012,Female,Preventable/accidental,Opioid subgroup - heroin,0,0,0,222,396,202,244,70,3,0,1
2012,Female,Preventable/accidental,Opioid subgroup - methadone,0,0,1,69,271,320,390,190,24,0,2
2012,Female,Preventable/accidental,Opioid subgroup – including fentanyl,0,1,1,27,175,188,338,165,31,11,2
2012,Female,Preventable/accidental,Opioid subgroup – including oxycodone and hydrocodone,2,2,3,184,601,905,1302,643,121,23,9
2012,Female,Preventable/accidental,Psychostimulants – incl. methamphetamine,1,0,2,54,176,180,221,83,7,0,0
2011,Female,"All (preventable, intentional, undetermined)",All drugs,8,17,21,990,2649,3715,5243,2655,634,257,161
2011,Female,"All (preventable, intentional, undetermined)",Any Opioid,3,12,10,624,1516,1902,2664,1254,249,57,33
2011,Female,"All (preventable, intentional, undetermined)",Benzodiazepines,0,0,0,158,512,724,951,442,85,23,6
2011,Female,"All (preventable, intentional, undetermined)",Cannabis,0,0,0,12,12,10,17,5,1,0,0
2011,Female,"All (preventable, intentional, undetermined)",Cocaine,0,0,2,82,239,327,480,171,11,2,0
2011,Female,"All (preventable, intentional, undetermined)",Opioid subgroup - heroin,0,0,0,183,288,160,180,61,6,0,0
2011,Female,"All (preventable, intentional, undetermined)",Opioid subgroup - methadone,1,1,3,95,355,406,539,243,27,3,1
2011,Female,"All (preventable, intentional, undetermined)",Opioid subgroup – including fentanyl,0,3,2,60,189,292,430,220,35,12,4
2011,Female,"All (preventable, intentional, undetermined)",Opioid subgroup – including oxycodone and hydrocodone,2,8,6,291,742,1090,1619,787,176,40,28
2011,Female,"All (preventable, intentional, undetermined)",Psychostimulants – incl. methamphetamine,1,0,3,63,152,191,197,77,9,0,0
2011,Female,Preventable/accidental,All drugs,5,9,11,797,2125,2848,3948,1788,380,150,118
2011,Female,Preventable/accidental,Any Opioid,1,6,5,543,1302,1589,2173,944,163,24,18
2011,Female,Preventable/accidental,Benzodiazepines,0,0,0,138,419,586,752,294,45,4,1
2011,Female,Preventable/accidental,Cannabis,0,0,0,12,11,8,16,5,1,0,0
2011,Female,Preventable/accidental,Cocaine,0,0,2,73,226,305,447,162,10,1,0
2011,Female,Preventable/accidental,Opioid subgroup - heroin,0,0,0,170,263,148,171,58,6,0,0
2011,Female,Preventable/accidental,Opioid subgroup - methadone,1,0,1,82,311,358,461,211,21,2,1
2011,Female,Preventable/accidental,Opioid subgroup – including fentanyl,0,2,1,49,152,230,335,150,25,6,3
2011,Female,Preventable/accidental,Opioid subgroup – including oxycodone and hydrocodone,0,4,4,241,623,875,1302,564,109,16,15
2011,Female,Preventable/accidental,Psychostimulants – incl. methamphetamine,1,0,3,51,140,165,165,71,9,0,0
2010,Female,"All (preventable, intentional, undetermined)",All drugs,9,19,21,988,2422,3464,4986,2436,558,252,167
2010,Female,"All (preventable, intentional, undetermined)",Any Opioid,5,9,9,603,1340,1753,2534,1165,214,57,45
2010,Female,"All (preventable, intentional, undetermined)",Benzodiazepines,0,1,1,172,451,593,839,386,103,24,9
2010,Female,"All (preventable, intentional, undetermined)",Cannabis,0,0,0,9,11,9,11,5,0,0,0
2010,Female,"All (preventable, intentional, undetermined)",Cocaine,0,0,0,80,179,295,433,130,12,2,0
2010,Female,"All (preventable, intentional, undetermined)",Opioid subgroup - heroin,0,0,0,118,179,115,120,50,2,0,0
2010,Female,"All (preventable, intentional, undetermined)",Opioid subgroup - methadone,3,1,4,130,332,392,542,218,20,3,1
2010,Female,"All (preventable, intentional, undetermined)",Opioid subgroup – including fentanyl,0,1,2,77,211,312,508,246,54,17,12
2010,Female,"All (preventable, intentional, undetermined)",Opioid subgroup – including oxycodone and hydrocodone,2,6,3,281,698,986,1462,689,148,35,30
2010,Female,"All (preventable, intentional, undetermined)",Psychostimulants – incl. methamphetamine,0,0,0,73,118,170,161,67,3,0,0
2010,Female,Preventable/accidental,All drugs,2,9,12,764,1873,2605,3692,1613,327,153,117
2010,Female,Preventable/accidental,Any Opioid,1,4,5,506,1108,1417,2006,860,136,28,25
2010,Female,Preventable/accidental,Benzodiazepines,0,0,1,146,366,476,629,252,56,9,3
2010,Female,Preventable/accidental,Cannabis,0,0,0,9,10,6,8,4,0,0,0
2010,Female,Preventable/accidental,Cocaine,0,0,0,71,168,265,395,118,12,2,0
2010,Female,Preventable/accidental,Opioid subgroup - heroin,0,0,0,109,166,102,105,48,2,0,0
2010,Female,Preventable/accidental,Opioid subgroup - methadone,0,0,3,116,276,331,460,178,17,2,1
2010,Female,Preventable/accidental,Opioid subgroup – including fentanyl,0,0,1,56,167,241,384,168,33,11,7
2010,Female,Preventable/accidental,Opioid subgroup – including oxycodone and hydrocodone,1,3,1,231,557,778,1134,488,91,14,16
2010,Female,Preventable/accidental,Psychostimulants – incl. methamphetamine,0,0,0,59,107,147,136,59,1,0,0
2009,Female,"All (preventable, intentional, undetermined)",All drugs,19,20,18,862,2107,3325,4968,2125,524,299,143
2009,Female,"All (preventable, intentional, undetermined)",Any Opioid,6,13,9,521,1176,1657,2525,1070,213,76,20
2009,Female,"All (preventable, intentional, undetermined)",Benzodiazepines,1,2,2,147,376,520,801,323,75,24,10
2009,Female,"All (preventable, intentional, undetermined)",Cannabis,0,0,0,9,3,5,11,3,0,0,0
2009,Female,"All (preventable, intentional, undetermined)",Cocaine,1,0,0,58,194,312,470,99,5,2,0
2009,Female,"All (preventable, intentional, undetermined)",Opioid subgroup - heroin,0,0,0,115,151,118,158,31,4,0,0
2009,Female,"All (preventable, intentional, undetermined)",Opioid subgroup - methadone,3,4,2,136,323,379,596,191,20,5,3
2009,Female,"All (preventable, intentional, undetermined)",Opioid subgroup – including fentanyl,0,1,1,53,188,319,521,261,74,23,3
2009,Female,"All (preventable, intentional, undetermined)",Opioid subgroup – including oxycodone and hydrocodone,3,8,5,223,552,910,1378,620,129,47,11
2009,Female,"All (preventable, intentional, undetermined)",Psychostimulants – incl. methamphetamine,3,1,1,46,104,118,165,44,5,2,0
2009,Female,Preventable/accidental,All drugs,12,8,12,649,1655,2439,3658,1358,292,186,107
2009,Female,Preventable/accidental,Any Opioid,3,4,6,426,988,1325,1959,742,129,37,13
2009,Female,Preventable/accidental,Benzodiazepines,1,0,1,113,304,404,612,186,31,10,1
2009,Female,Preventable/accidental,Cannabis,0,0,0,8,3,4,8,3,0,0,0
2009,Female,Preventable/accidental,Cocaine,0,0,0,52,171,289,423,87,5,1,0
2009,Female,Preventable/accidental,Opioid subgroup - heroin,0,0,0,101,129,106,145,29,3,0,0
2009,Female,Preventable/accidental,Opioid subgroup - methadone,2,1,1,120,286,321,494,156,18,2,3
2009,Female,Preventable/accidental,Opioid subgroup – including fentanyl,0,0,1,39,152,247,372,166,43,13,2
2009,Female,Preventable/accidental,Opioid subgroup – including oxycodone and hydrocodone,1,3,3,170,447,712,1056,423,77,20,5
2009,Female,Preventable/accidental,Psychostimulants – incl. methamphetamine,2,0,1,38,87,99,144,36,3,2,0
2008,Female,"All (preventable, intentional, undetermined)",All drugs,9,28,21,848,1976,3503,4753,1956,489,256,141
2008,Female,"All (preventable, intentional, undetermined)",Any Opioid,4,23,14,482,1051,1694,2371,910,173,66,31
2008,Female,"All (preventable, intentional, undetermined)",Benzodiazepines,0,2,4,133,307,498,700,293,65,34,10
2008,Female,"All (preventable, intentional, undetermined)",Cannabis,0,0,0,4,5,7,5,1,1,0,0
2008,Female,"All (preventable, intentional, undetermined)",Cocaine,0,1,0,89,214,410,483,110,14,1,0
2008,Female,"All (preventable, intentional, undetermined)",Opioid subgroup - heroin,0,0,0,96,120,140,153,36,4,1,1
2008,Female,"All (preventable, intentional, undetermined)",Opioid subgroup - methadone,3,6,7,138,324,434,616,166,25,3,1
2008,Female,"All (preventable, intentional, undetermined)",Opioid subgroup – including fentanyl,0,0,2,48,143,274,381,184,39,7,5
2008,Female,"All (preventable, intentional, undetermined)",Opioid subgroup – including oxycodone and hydrocodone,1,16,6,186,474,895,1258,551,106,47,23
2008,Female,"All (preventable, intentional, undetermined)",Psychostimulants – incl. methamphetamine,0,0,0,31,64,114,125,37,4,0,0
2008,Female,Preventable/accidental,All drugs,5,9,6,643,1466,2526,3463,1250,274,147,105
2008,Female,Preventable/accidental,Any Opioid,3,6,4,409,846,1324,1851,632,111,35,19
2008,Female,Preventable/accidental,Benzodiazepines,0,0,1,115,239,361,510,178,30,8,2
2008,Female,Preventable/accidental,Cannabis,0,0,0,4,4,5,4,1,1,0,0
2008,Female,Preventable/accidental,Cocaine,0,1,0,79,194,369,436,105,14,1,0
2008,Female,Preventable/accidental,Opioid subgroup - heroin,0,0,0,84,109,129,136,34,4,1,1
2008,Female,Preventable/accidental,Opioid subgroup - methadone,2,2,2,117,270,349,523,135,16,3,0
2008,Female,Preventable/accidental,Opioid subgroup – including fentanyl,0,0,0,37,107,201,287,130,30,3,5
2008,Female,Preventable/accidental,Opioid subgroup – including oxycodone and hydrocodone,1,4,2,158,363,681,935,350,61,22,12
2008,Female,Preventable/accidental,Psychostimulants – incl. methamphetamine,0,0,0,27,52,95,104,27,4,0,0
2007,Female,"All (preventable, intentional, undetermined)",All drugs,15,23,32,883,2001,3463,4696,1809,393,248,148
2007,Female,"All (preventable, intentional, undetermined)",Any Opioid,4,15,16,491,1050,1683,2280,802,148,61,31
2007,Female,"All (preventable, intentional, undetermined)",Benzodiazepines,0,2,1,145,299,495,621,257,46,13,15
2007,Female,"All (preventable, intentional, undetermined)",Cannabis,0,0,0,5,5,5,6,0,0,0,0
2007,Female,"All (preventable, intentional, undetermined)",Cocaine,2,2,0,119,286,527,605,117,3,1,3
2007,Female,"All (preventable, intentional, undetermined)",Opioid subgroup - heroin,0,0,0,61,100,95,113,27,1,0,2
2007,Female,"All (preventable, intentional, undetermined)",Opioid subgroup - methadone,0,3,4,192,351,525,639,179,17,9,2
2007,Female,"All (preventable, intentional, undetermined)",Opioid subgroup – including fentanyl,0,2,4,47,135,249,395,160,38,16,7
2007,Female,"All (preventable, intentional, undetermined)",Opioid subgroup – including oxycodone and hydrocodone,4,10,7,196,477,835,1159,445,90,30,16
2007,Female,"All (preventable, intentional, undetermined)",Psychostimulants – incl. methamphetamine,1,0,0,51,78,121,119,35,3,1,0
2007,Female,Preventable/accidental,All drugs,4,10,20,677,1474,2524,3322,1130,207,155,106
2007,Female,Preventable/accidental,Any Opioid,0,6,11,412,851,1325,1718,541,76,27,17
2007,Female,Preventable/accidental,Benzodiazepines,0,0,0,119,220,363,445,144,22,3,4
2007,Female,Preventable/accidental,Cannabis,0,0,0,5,2,5,5,0,0,0,0
2007,Female,Preventable/accidental,Cocaine,1,1,0,106,245,465,549,109,1,1,3
2007,Female,Preventable/accidental,Opioid subgroup - heroin,0,0,0,48,85,84,103,26,0,0,1
2007,Female,Preventable/accidental,Opioid subgroup - methadone,0,0,4,168,300,422,522,144,13,6,2
2007,Female,Preventable/accidental,Opioid subgroup – including fentanyl,0,0,2,39,99,198,293,91,18,7,3
2007,Female,Preventable/accidental,Opioid subgroup – including oxycodone and hydrocodone,0,6,5,158,370,638,834,288,49,10,7
2007,Female,Preventable/accidental,Psychostimulants – incl. methamphetamine,0,0,0,41,61,98,97,26,3,0,0
2006,Female,"All (preventable, intentional, undetermined)",All drugs,21,16,24,820,1863,3459,4099,1459,370,257,141
2006,Female,"All (preventable, intentional, undetermined)",Any Opioid,5,9,13,444,949,1608,2037,665,122,61,31
2006,Female,"All (preventable, intentional, undetermined)",Benzodiazepines,0,0,0,95,235,417,483,163,42,20,17
2006,Female,"All (preventable, intentional, undetermined)",Cannabis,0,0,0,10,8,7,9,2,0,0,0
2006,Female,"All (preventable, intentional, undetermined)",Cocaine,4,1,0,168,333,645,597,95,10,3,4
2006,Female,"All (preventable, intentional, undetermined)",Opioid subgroup - heroin,0,1,0,57,75,90,100,19,0,0,2
2006,Female,"All (preventable, intentional, undetermined)",Opioid subgroup - methadone,2,3,6,143,343,525,599,139,21,4,4
2006,Female,"All (preventable, intentional, undetermined)",Opioid subgroup – including fentanyl,1,1,1,66,146,274,366,130,22,19,4
2006,Female,"All (preventable, intentional, undetermined)",Opioid subgroup – including oxycodone and hydrocodone,2,3,5,166,390,698,987,381,78,34,21
2006,Female,"All (preventable, intentional, undetermined)",Psychostimulants – incl. methamphetamine,1,1,0,46,94,128,111,26,3,0,0
2006,Female,Preventable/accidental,All drugs,6,7,13,599,1345,2462,2886,865,216,155,103
2006,Female,Preventable/accidental,Any Opioid,0,2,7,358,759,1242,1575,453,75,31,20
2006,Female,Preventable/accidental,Benzodiazepines,0,0,0,74,179,307,331,88,18,4,2
2006,Female,Preventable/accidental,Cannabis,0,0,0,7,4,4,9,1,0,0,0
2006,Female,Preventable/accidental,Cocaine,1,1,0,140,280,566,539,86,9,2,4
2006,Female,Preventable/accidental,Opioid subgroup - heroin,0,0,0,49,61,78,93,19,0,0,2
2006,Female,Preventable/accidental,Opioid subgroup - methadone,0,0,2,121,299,429,503,106,15,2,4
2006,Female,Preventable/accidental,Opioid subgroup – including fentanyl,0,1,0,51,100,205,284,88,13,9,3
2006,Female,Preventable/accidental,Opioid subgroup – including oxycodone and hydrocodone,0,1,4,121,313,516,714,250,45,15,12
2006,Female,Preventable/accidental,Psychostimulants – incl. methamphetamine,0,0,0,32,75,105,99,21,3,0,0
2005,Female,"All (preventable, intentional, undetermined)",All drugs,17,7,24,733,1654,3227,3572,1192,321,223,119
2005,Female,"All (preventable, intentional, undetermined)",Any Opioid,5,3,11,371,843,1515,1688,501,140,54,30
2005,Female,"All (preventable, intentional, undetermined)",Benzodiazepines,0,0,1,83,157,336,421,143,45,15,8
2005,Female,"All (preventable, intentional, undetermined)",Cannabis,0,0,1,8,3,8,8,0,0,0,0
2005,Female,"All (preventable, intentional, undetermined)",Cocaine,2,1,2,132,298,634,469,74,6,0,2
2005,Female,"All (preventable, intentional, undetermined)",Opioid subgroup - heroin,1,0,0,65,94,114,101,10,2,1,1
2005,Female,"All (preventable, intentional, undetermined)",Opioid subgroup - methadone,3,1,4,119,299,465,517,111,22,3,4
2005,Female,"All (preventable, intentional, undetermined)",Opioid subgroup – including fentanyl,0,2,1,25,112,237,288,101,34,13,10
2005,Female,"All (preventable, intentional, undetermined)",Opioid subgroup – including oxycodone and hydrocodone,1,2,4,119,303,644,758,276,81,38,15
2005,Female,"All (preventable, intentional, undetermined)",Psychostimulants – incl. methamphetamine,3,0,1,47,90,154,116,25,2,0,0
2005,Female,Preventable/accidental,All drugs,8,2,13,515,1169,2250,2392,703,177,127,80
2005,Female,Preventable/accidental,Any Opioid,2,0,8,299,655,1126,1221,340,82,24,16
2005,Female,Preventable/accidental,Benzodiazepines,0,0,0,71,111,222,278,83,21,4,0
2005,Female,Preventable/accidental,Cannabis,0,0,1,6,3,7,5,0,0,0,0
2005,Female,Preventable/accidental,Cocaine,1,0,1,118,255,539,416,70,6,0,2
2005,Female,Preventable/accidental,Opioid subgroup - heroin,0,0,0,58,87,105,92,10,1,1,1
2005,Female,Preventable/accidental,Opioid subgroup - methadone,1,0,3,99,239,371,396,86,15,0,3
2005,Female,Preventable/accidental,Opioid subgroup – including fentanyl,0,0,1,19,88,163,194,69,21,6,6
2005,Female,Preventable/accidental,Opioid subgroup – including oxycodone and hydrocodone,1,0,2,88,225,453,542,176,50,17,6
2005,Female,Preventable/accidental,Psychostimulants – incl. methamphetamine,0,0,1,38,76,124,92,19,1,0,0
2004,Female,"All (preventable, intentional, undetermined)",All drugs,19,8,38,683,1411,3249,3184,1064,300,226,117
2004,Female,"All (preventable, intentional, undetermined)",Any Opioid,6,5,13,333,709,1497,1479,432,99,54,14
2004,Female,"All (preventable, intentional, undetermined)",Benzodiazepines,2,1,3,60,163,345,346,118,22,16,2
2004,Female,"All (preventable, intentional, undetermined)",Cannabis,0,0,0,5,6,6,6,0,0,0,0
2004,Female,"All (preventable, intentional, undetermined)",Cocaine,0,0,1,121,243,572,395,65,6,1,0
2004,Female,"All (preventable, intentional, undetermined)",Opioid subgroup - heroin,0,0,0,57,71,104,88,21,0,0,0
2004,Female,"All (preventable, intentional, undetermined)",Opioid subgroup - methadone,4,1,3,110,249,458,404,93,16,3,1
2004,Female,"All (preventable, intentional, undetermined)",Opioid subgroup – including fentanyl,0,0,0,26,96,245,294,84,30,18,5
2004,Female,"All (preventable, intentional, undetermined)",Opioid subgroup – including oxycodone and hydrocodone,2,4,10,106,254,612,669,226,56,31,8
2004,Female,"All (preventable, intentional, undetermined)",Psychostimulants – incl. methamphetamine,1,0,1,43,70,147,112,15,3,0,0
2004,Female,Preventable/accidental,All drugs,7,3,12,473,945,2219,2058,611,170,138,83
2004,Female,Preventable/accidental,Any Opioid,1,1,5,257,519,1093,1054,295,54,23,6
2004,Female,Preventable/accidental,Benzodiazepines,0,0,0,49,111,252,226,68,6,3,1
2004,Female,Preventable/accidental,Cannabis,0,0,0,3,5,5,4,0,0,0,0
2004,Female,Preventable/accidental,Cocaine,0,0,1,107,195,482,334,54,5,1,0
2004,Female,Preventable/accidental,Opioid subgroup - heroin,0,0,0,53,61,92,78,17,0,0,0
2004,Female,Preventable/accidental,Opioid subgroup - methadone,0,0,2,88,201,365,322,71,11,0,1
2004,Female,Preventable/accidental,Opioid subgroup – including fentanyl,0,0,0,19,61,162,205,54,15,5,2
2004,Female,Preventable/accidental,Opioid subgroup – including oxycodone and hydrocodone,1,1,3,77,179,441,461,152,34,13,2
2004,Female,Preventable/accidental,Psychostimulants – incl. methamphetamine,0,0,0,35,50,126,97,13,1,0,0
2003,Female,"All (preventable, intentional, undetermined)",All drugs,8,14,21,632,1382,3032,2800,886,287,204,119
2003,Female,"All (preventable, intentional, undetermined)",Any Opioid,3,6,9,306,649,1382,1290,338,82,49,24
2003,Female,"All (preventable, intentional, undetermined)",Benzodiazepines,0,0,0,53,133,254,300,80,38,23,4
2003,Female,"All (preventable, intentional, undetermined)",Cannabis,0,0,0,1,7,7,2,0,0,1,0
2003,Female,"All (preventable, intentional, undetermined)",Cocaine,0,0,0,118,265,537,346,48,4,0,4
2003,Female,"All (preventable, intentional, undetermined)",Opioid subgroup - heroin,0,0,0,55,66,118,104,14,1,0,0
2003,Female,"All (preventable, intentional, undetermined)",Opioid subgroup - methadone,1,2,3,87,179,391,310,59,5,0,3
2003,Female,"All (preventable, intentional, undetermined)",Opioid subgroup – including fentanyl,0,0,2,34,84,212,206,65,22,14,4
2003,Female,"All (preventable, intentional, undetermined)",Opioid subgroup – including oxycodone and hydrocodone,2,4,4,95,244,551,573,194,53,27,17
2003,Female,"All (preventable, intentional, undetermined)",Psychostimulants – incl. methamphetamine,0,0,0,51,81,115,98,7,0,1,0
2003,Female,Preventable/accidental,All drugs,8,11,14,417,898,2008,1788,497,148,113,94
2003,Female,Preventable/accidental,Any Opioid,3,3,7,223,478,1013,900,212,40,24,15
2003,Female,Preventable/accidental,Benzodiazepines,0,0,0,36,97,177,198,35,9,9,2
2003,Female,Preventable/accidental,Cannabis,0,0,0,1,6,6,0,0,0,1,0
2003,Female,Preventable/accidental,Cocaine,0,0,0,102,204,440,293,44,3,0,1
2003,Female,Preventable/accidental,Opioid subgroup - heroin,0,0,0,51,61,105,92,14,0,0,0
2003,Female,Preventable/accidental,Opioid subgroup - methadone,1,0,2,69,144,314,227,48,2,0,2
2003,Female,Preventable/accidental,Opioid subgroup – including fentanyl,0,0,2,21,61,150,137,34,14,5,3
2003,Female,Preventable/accidental,Opioid subgroup – including oxycodone and hydrocodone,2,3,3,69,176,402,392,114,24,12,10
2003,Female,Preventable/accidental,Psychostimulants – incl. methamphetamine,0,0,0,33,67,92,80,6,0,1,0
2002,Female,"All (preventable, intentional, undetermined)",All drugs,7,21,17,560,1210,2864,2485,724,277,203,119
2002,Female,"All (preventable, intentional, undetermined)",Any Opioid,2,11,6,269,591,1371,1117,251,86,34,20
2002,Female,"All (preventable, intentional, undetermined)",Benzodiazepines,0,0,1,42,93,285,221,73,29,14,5
2002,Female,"All (preventable, intentional, undetermined)",Cannabis,0,0,0,3,2,1,2,0,0,0,0
2002,Female,"All (preventable, intentional, undetermined)",Cocaine,0,1,1,109,217,484,288,35,3,0,4
2002,Female,"All (preventable, intentional, undetermined)",Opioid subgroup - heroin,0,0,0,56,73,140,83,6,1,0,0
2002,Female,"All (preventable, intentional, undetermined)",Opioid subgroup - methadone,1,4,1,66,143,319,247,35,12,1,2
2002,Female,"All (preventable, intentional, undetermined)",Opioid subgroup – including fentanyl,0,1,0,22,82,197,193,76,27,10,6
2002,Female,"All (preventable, intentional, undetermined)",Opioid subgroup – including oxycodone and hydrocodone,1,5,4,91,213,547,492,136,46,23,10
2002,Female,"All (preventable, intentional, undetermined)",Psychostimulants – incl. methamphetamine,2,0,0,34,55,103,73,15,2,1,0
2002,Female,Preventable/accidental,All drugs,3,11,4,353,774,1836,1493,373,142,121,91
2002,Female,Preventable/accidental,Any Opioid,1,6,2,199,407,934,751,146,44,15,10
2002,Female,Preventable/accidental,Benzodiazepines,0,0,0,29,72,178,137,39,8,3,1
2002,Female,Preventable/accidental,Cannabis,0,0,0,3,1,0,0,0,0,0,0
2002,Female,Preventable/accidental,Cocaine,0,1,0,83,166,401,243,31,2,0,3
2002,Female,Preventable/accidental,Opioid subgroup - heroin,0,0,0,51,67,122,79,6,1,0,0
2002,Female,Preventable/accidental,Opioid subgroup - methadone,0,2,1,54,110,243,189,27,9,1,2
2002,Female,Preventable/accidental,Opioid subgroup – including fentanyl,0,0,0,12,52,112,112,43,16,4,0
2002,Female,Preventable/accidental,Opioid subgroup – including oxycodone and hydrocodone,1,4,1,69,150,357,325,76,21,10,5
2002,Female,Preventable/accidental,Psychostimulants – incl. methamphetamine,1,0,0,27,40,86,55,10,2,1,0
2001,Female,"All (preventable, intentional, undetermined)",All drugs,8,5,22,438,1017,2357,1828,550,216,181,114
2001,Female,"All (preventable, intentional, undetermined)",Any Opioid,1,2,7,203,443,1046,771,199,52,29,14
2001,Female,"All (preventable, intentional, undetermined)",Benzodiazepines,0,0,2,26,88,233,170,57,22,12,4
2001,Female,"All (preventable, intentional, undetermined)",Cannabis,0,0,0,0,0,5,0,0,0,0,0
2001,Female,"All (preventable, intentional, undetermined)",Cocaine,1,0,2,68,212,432,211,26,1,1,3
2001,Female,"All (preventable, intentional, undetermined)",Opioid subgroup - heroin,0,0,2,42,64,128,70,6,1,0,0
2001,Female,"All (preventable, intentional, undetermined)",Opioid subgroup - methadone,0,0,0,38,85,196,148,22,3,1,2
2001,Female,"All (preventable, intentional, undetermined)",Opioid subgroup – including fentanyl,0,0,0,15,55,166,140,49,10,8,4
2001,Female,"All (preventable, intentional, undetermined)",Opioid subgroup – including oxycodone and hydrocodone,1,2,5,68,162,422,353,105,31,14,7
2001,Female,"All (preventable, intentional, undetermined)",Psychostimulants – incl. methamphetamine,0,0,2,36,34,52,26,2,0,0,0
2001,Female,Preventable/accidental,All drugs,5,3,12,257,611,1453,998,266,106,109,84
2001,Female,Preventable/accidental,Any Opioid,1,1,4,135,285,722,479,115,24,7,4
2001,Female,Preventable/accidental,Benzodiazepines,0,0,1,13,55,156,78,25,5,2,1
2001,Female,Preventable/accidental,Cannabis,0,0,0,0,0,2,0,0,0,0,0
2001,Female,Preventable/accidental,Cocaine,0,0,2,51,171,349,176,21,1,1,2
2001,Female,Preventable/accidental,Opioid subgroup - heroin,0,0,2,39,60,110,58,6,1,0,0
2001,Female,Preventable/accidental,Opioid subgroup - methadone,0,0,0,30,55,148,105,14,1,1,0
2001,Female,Preventable/accidental,Opioid subgroup – including fentanyl,0,0,0,8,29,108,77,23,1,0,2
2001,Female,Preventable/accidental,Opioid subgroup – including oxycodone and hydrocodone,1,1,2,44,110,298,220,61,16,4,1
2001,Female,Preventable/accidental,Psychostimulants – incl. methamphetamine,0,0,1,31,26,45,22,1,0,0,0
2000,Female,"All (preventable, intentional, undetermined)",All drugs,6,2,18,369,902,2089,1478,497,199,175,116
2000,Female,"All (preventable, intentional, undetermined)",Any Opioid,2,0,8,140,393,873,588,177,50,19,13
2000,Female,"All (preventable, intentional, undetermined)",Benzodiazepines,0,0,1,22,77,174,129,38,21,10,8
2000,Female,"All (preventable, intentional, undetermined)",Cannabis,0,0,0,2,0,8,0,1,0,0,0
2000,Female,"All (preventable, intentional, undetermined)",Cocaine,0,0,0,72,198,373,175,16,3,2,3
2000,Female,"All (preventable, intentional, undetermined)",Opioid subgroup - heroin,0,0,0,36,70,105,55,10,3,0,0
2000,Female,"All (preventable, intentional, undetermined)",Opioid subgroup - methadone,0,0,1,17,68,159,92,14,1,1,1
2000,Female,"All (preventable, intentional, undetermined)",Opioid subgroup – including fentanyl,0,0,2,13,30,140,111,52,15,5,6
2000,Female,"All (preventable, intentional, undetermined)",Opioid subgroup – including oxycodone and hydrocodone,2,0,5,53,149,325,247,88,26,12,6
2000,Female,"All (preventable, intentional, undetermined)",Psychostimulants – incl. methamphetamine,1,0,1,31,41,59,25,6,0,0,0
2000,Female,Preventable/accidental,All drugs,3,2,8,221,540,1242,786,245,97,114,85
2000,Female,Preventable/accidental,Any Opioid,1,0,3,96,268,582,357,99,23,10,7
2000,Female,Preventable/accidental,Benzodiazepines,0,0,0,12,44,101,65,18,11,6,1
2000,Female,Preventable/accidental,Cannabis,0,0,0,2,0,7,0,1,0,0,0
2000,Female,Preventable/accidental,Cocaine,0,0,0,58,167,309,149,15,2,1,1
2000,Female,Preventable/accidental,Opioid subgroup - heroin,0,0,0,33,61,90,52,10,2,0,0
2000,Female,Preventable/accidental,Opioid subgroup - methadone,0,0,1,12,51,115,68,10,1,1,0
2000,Female,Preventable/accidental,Opioid subgroup – including fentanyl,0,0,0,7,17,87,56,21,8,1,4
2000,Female,Preventable/accidental,Opioid subgroup – including oxycodone and hydrocodone,1,0,2,33,94,216,139,49,12,6,2
2000,Female,Preventable/accidental,Psychostimulants – incl. methamphetamine,0,0,1,24,34,46,21,3,0,0,0
1999,Female,"All (preventable, intentional, undetermined)",All drugs,6,13,14,346,914,1983,1344,431,212,219,103
1999,Female,"All (preventable, intentional, undetermined)",Any Opioid,1,3,2,141,390,798,507,130,40,32,12
1999,Female,"All (preventable, intentional, undetermined)",Benzodiazepines,0,0,1,12,56,164,109,38,21,17,2
1999,Female,"All (preventable, intentional, undetermined)",Cannabis,0,0,0,2,1,5,1,1,0,0,0
1999,Female,"All (preventable, intentional, undetermined)",Cocaine,0,0,1,60,223,379,161,14,2,3,5
1999,Female,"All (preventable, intentional, undetermined)",Opioid subgroup - heroin,0,0,0,38,69,129,58,6,2,1,3
1999,Female,"All (preventable, intentional, undetermined)",Opioid subgroup - methadone,1,2,0,11,52,127,68,9,1,1,0
1999,Female,"All (preventable, intentional, undetermined)",Opioid subgroup – including fentanyl,0,0,0,5,47,123,100,31,12,12,0
1999,Female,"All (preventable, intentional, undetermined)",Opioid subgroup – including oxycodone and hydrocodone,0,0,2,51,139,259,209,69,20,17,7
1999,Female,"All (preventable, intentional, undetermined)",Psychostimulants – incl. methamphetamine,1,0,0,26,35,65,27,3,0,0,0
1999,Female,Preventable/accidental,All drugs,1,8,7,186,503,1155,693,190,100,121,76
1999,Female,Preventable/accidental,Any Opioid,0,1,1,89,244,516,321,66,16,15,6
1999,Female,Preventable/accidental,Benzodiazepines,0,0,0,7,35,96,49,12,5,4,0
1999,Female,Preventable/accidental,Cannabis,0,0,0,2,0,3,1,1,0,0,0
1999,Female,Preventable/accidental,Cocaine,0,0,1,45,164,303,141,12,2,2,4
1999,Female,Preventable/accidental,Opioid subgroup - heroin,0,0,0,28,56,105,48,5,2,0,2
1999,Female,Preventable/accidental,Opioid subgroup - methadone,0,1,0,6,34,97,50,4,1,1,0
1999,Female,Preventable/accidental,Opioid subgroup – including fentanyl,0,0,0,2,20,63,53,16,1,5,0
1999,Female,Preventable/accidental,Opioid subgroup – including oxycodone and hydrocodone,0,0,1,30,96,165,119,35,11,8,2
1999,Female,Preventable/accidental,Psychostimulants – incl. methamphetamine,0,0,0,25,28,46,22,3,0,0,0
2021,Male,"All (preventable, intentional, undetermined)",All drugs,40,67,5115,17361,18941,14963,49,13277,3928,443,108
2021,Male,"All (preventable, intentional, undetermined)",Any Opioid,18,54,4446,14740,15054,10842,39,8925,2412,189,31
2021,Male,"All (preventable, intentional, undetermined)",Benzodiazepines,0,0,789,2044,1962,1277,0,1030,296,34,10
2021,Male,"All (preventable, intentional, undetermined)",Cannabis,0,0,106,254,217,145,0,112,17,0,0
2021,Male,"All (preventable, intentional, undetermined)",Cocaine,0,0,773,3392,4241,4108,0,3988,1046,67,0
2021,Male,"All (preventable, intentional, undetermined)",Opioid subgroup - heroin,0,0,234,1601,1797,1406,0,1332,397,29,0
2021,Male,"All (preventable, intentional, undetermined)",Opioid subgroup - methadone,0,0,45,338,513,465,0,546,224,19,0
2021,Male,"All (preventable, intentional, undetermined)",Opioid subgroup – including fentanyl,16,51,4181,13564,13814,9663,31,7736,1869,91,7
2021,Male,"All (preventable, intentional, undetermined)",Opioid subgroup – including oxycodone and hydrocodone,0,0,411,1887,1936,1688,0,1618,611,88,22
2021,Male,"All (preventable, intentional, undetermined)",Psychostimulants – incl. methamphetamine,19,0,961,5359,6520,5243,0,4144,1008,52,0
2021,Male,Preventable/accidental,All drugs,14,18,4754,16453,17971,14073,36,12462,3565,324,58
2021,Male,Preventable/accidental,Any Opioid,0,14,4271,14129,14429,10312,31,8446,2210,131,10
2021,Male,Preventable/accidental,Benzodiazepines,0,0,749,1952,1846,1177,0,920,231,16,0
2021,Male,Preventable/accidental,Cannabis,0,0,106,248,213,142,0,111,16,0,0
2021,Male,Preventable/accidental,Cocaine,0,0,744,3251,4075,3934,0,3853,1027,65,0
2021,Male,Preventable/accidental,Opioid subgroup - heroin,0,0,226,1568,1749,1384,0,1310,395,29,0
2021,Male,Preventable/accidental,Opioid subgroup - methadone,0,0,44,310,474,427,0,507,208,18,0
2021,Male,Preventable/accidental,Opioid subgroup – including fentanyl,0,13,4030,13033,13285,9250,26,7387,1769,80,14
2021,Male,Preventable/accidental,Opioid subgroup – including oxycodone and hydrocodone,0,0,374,1792,1840,1550,0,1457,503,40,5
2021,Male,Preventable/accidental,Psychostimulants – incl. methamphetamine,0,0,922,5210,6337,5129,0,4084,992,48,0
2020,Male,"All (preventable, intentional, undetermined)",All drugs,34,42,46,5105,15643,15919,12830,10723,2920,342,110
2020,Male,"All (preventable, intentional, undetermined)",Any Opioid,13,32,33,4402,13252,12638,9184,7138,1790,137,32
2020,Male,"All (preventable, intentional, undetermined)",Benzodiazepines,0,1,4,937,2038,1882,1260,1035,284,28,11
2020,Male,"All (preventable, intentional, undetermined)",Cannabis,1,0,0,113,241,213,128,82,17,0,0
2020,Male,"All (preventable, intentional, undetermined)",Cocaine,2,1,1,790,3136,3433,3244,2844,700,46,3
2020,Male,"All (preventable, intentional, undetermined)",Opioid subgroup - heroin,2,2,1,481,2621,2611,2000,1672,465,24,1
2020,Male,"All (preventable, intentional, undetermined)",Opioid subgroup - methadone,1,7,2,101,376,519,456,475,186,7,0
2020,Male,"All (preventable, intentional, undetermined)",Opioid subgroup – including fentanyl,11,23,25,3965,11632,10907,7749,5632,1252,56,7
2020,Male,"All (preventable, intentional, undetermined)",Opioid subgroup – including oxycodone and hydrocodone,1,2,6,497,1844,2063,1603,1584,484,74,24
2020,Male,"All (preventable, intentional, undetermined)",Psychostimulants – incl. methamphetamine,15,2,1,872,3956,4691,3729,2947,692,34,1
2020,Male,Preventable/accidental,All drugs,11,16,28,4777,14714,15013,11923,9868,2587,234,63
2020,Male,Preventable/accidental,Any Opioid,4,11,23,4223,12647,12082,8669,6621,1610,83,9
2020,Male,Preventable/accidental,Benzodiazepines,0,0,2,903,1948,1764,1132,930,214,11,2
2020,Male,Preventable/accidental,Cannabis,0,0,0,111,235,208,126,78,14,0,0
2020,Male,Preventable/accidental,Cocaine,2,0,1,773,2999,3289,3111,2727,679,46,2
2020,Male,Preventable/accidental,Opioid subgroup - heroin,1,1,1,470,2562,2552,1963,1639,455,21,1
2020,Male,Preventable/accidental,Opioid subgroup - methadone,1,2,0,91,350,481,416,433,167,6,0
2020,Male,Preventable/accidental,Opioid subgroup – including fentanyl,3,9,20,3812,11117,10444,7339,5258,1158,49,4
2020,Male,Preventable/accidental,Opioid subgroup – including oxycodone and hydrocodone,0,0,3,476,1727,1941,1463,1413,390,29,4
2020,Male,Preventable/accidental,Psychostimulants – incl. methamphetamine,5,0,0,843,3813,4542,3639,2894,679,33,1
2019,Male,"All (preventable, intentional, undetermined)",All drugs,30,24,22,3318,11608,11771,9883,8485,2309,335,91
2019,Male,"All (preventable, intentional, undetermined)",Any Opioid,10,21,13,2667,9546,8889,6768,5245,1315,129,30
2019,Male,"All (preventable, intentional, undetermined)",Benzodiazepines,0,0,1,519,1547,1410,1068,908,226,39,6
2019,Male,"All (preventable, intentional, undetermined)",Cannabis,0,0,0,78,186,132,102,59,14,0,0
2019,Male,"All (preventable, intentional, undetermined)",Cocaine,2,2,0,614,2586,2806,2641,2301,560,33,0
2019,Male,"All (preventable, intentional, undetermined)",Opioid subgroup - heroin,4,2,0,596,2941,2777,2085,1647,426,21,0
2019,Male,"All (preventable, intentional, undetermined)",Opioid subgroup - methadone,3,3,2,55,304,378,342,390,115,8,0
2019,Male,"All (preventable, intentional, undetermined)",Opioid subgroup – including fentanyl,5,16,8,2175,7612,6954,5067,3606,788,46,4
2019,Male,"All (preventable, intentional, undetermined)",Opioid subgroup – including oxycodone and hydrocodone,1,3,5,429,1584,1631,1460,1401,429,78,23
2019,Male,"All (preventable, intentional, undetermined)",Psychostimulants – incl. methamphetamine,9,1,4,596,2516,3085,2603,2140,454,25,1
2019,Male,Preventable/accidental,All drugs,6,10,8,2993,10798,10916,9010,7550,1959,208,43
2019,Male,Preventable/accidental,Any Opioid,1,9,6,2516,9031,8374,6286,4711,1123,68,5
2019,Male,Preventable/accidental,Benzodiazepines,0,0,0,490,1461,1319,955,771,165,14,1
2019,Male,Preventable/accidental,Cannabis,0,0,0,75,176,126,100,57,13,0,0
2019,Male,Preventable/accidental,Cocaine,0,1,0,584,2456,2652,2524,2187,535,32,0
2019,Male,Preventable/accidental,Opioid subgroup - heroin,0,1,0,573,2856,2700,2044,1603,416,20,0
2019,Male,Preventable/accidental,Opioid subgroup - methadone,0,2,0,50,284,342,310,349,108,7,0
2019,Male,Preventable/accidental,Opioid subgroup – including fentanyl,1,6,6,2069,7195,6568,4726,3271,698,29,0
2019,Male,Preventable/accidental,Opioid subgroup – including oxycodone and hydrocodone,0,2,2,384,1474,1481,1275,1162,325,28,4
2019,Male,Preventable/accidental,Psychostimulants – incl. methamphetamine,2,1,1,565,2408,2978,2535,2085,445,23,1
2018,Male,"All (preventable, intentional, undetermined)",All drugs,16,24,20,3152,11513,10779,9466,7593,1976,300,92
2018,Male,"All (preventable, intentional, undetermined)",Any Opioid,9,18,10,2527,9235,8005,6317,4669,1143,114,23
2018,Male,"All (preventable, intentional, undetermined)",Benzodiazepines,1,0,3,636,1670,1494,1210,964,225,34,6
2018,Male,"All (preventable, intentional, undetermined)",Cannabis,0,0,0,66,183,144,105,73,8,0,0
2018,Male,"All (preventable, intentional, undetermined)",Cocaine,0,4,0,594,2508,2485,2433,1939,446,22,1
2018,Male,"All (preventable, intentional, undetermined)",Opioid subgroup - heroin,2,2,0,821,3480,2825,2205,1573,366,13,1
2018,Male,"All (preventable, intentional, undetermined)",Opioid subgroup - methadone,3,7,2,90,342,425,385,375,122,6,0
2018,Male,"All (preventable, intentional, undetermined)",Opioid subgroup – including fentanyl,1,8,4,1841,6913,5897,4354,2841,615,40,8
2018,Male,"All (preventable, intentional, undetermined)",Opioid subgroup – including oxycodone and hydrocodone,5,4,4,473,1630,1652,1551,1481,424,78,18
2018,Male,"All (preventable, intentional, undetermined)",Psychostimulants – incl. methamphetamine,6,0,2,455,2100,2283,2069,1646,320,18,0
2018,Male,Preventable/accidental,All drugs,3,7,13,2861,10673,9936,8498,6712,1609,198,58
2018,Male,Preventable/accidental,Any Opioid,3,4,8,2367,8718,7524,5774,4185,952,69,6
2018,Male,Preventable/accidental,Benzodiazepines,1,0,3,599,1586,1388,1068,823,151,8,0
2018,Male,Preventable/accidental,Cannabis,0,0,0,65,178,136,98,69,8,0,0
2018,Male,Preventable/accidental,Cocaine,0,0,0,568,2372,2359,2285,1832,430,22,1
2018,Male,Preventable/accidental,Opioid subgroup - heroin,0,0,0,792,3369,2725,2121,1512,357,12,1
2018,Male,Preventable/accidental,Opioid subgroup - methadone,1,1,2,80,319,388,346,341,100,6,0
2018,Male,Preventable/accidental,Opioid subgroup – including fentanyl,1,1,3,1724,6498,5545,4001,2558,539,33,3
2018,Male,Preventable/accidental,Opioid subgroup – including oxycodone and hydrocodone,2,2,3,427,1528,1519,1351,1273,306,40,4
2018,Male,Preventable/accidental,Psychostimulants – incl. methamphetamine,1,0,1,430,2004,2199,2002,1607,312,16,0
2017,Male,"All (preventable, intentional, undetermined)",All drugs,19,25,25,3792,12482,10797,10089,7339,1635,236,102
2017,Male,"All (preventable, intentional, undetermined)",Any Opioid,9,17,15,2885,9589,7763,6589,4472,871,89,27
2017,Male,"All (preventable, intentional, undetermined)",Benzodiazepines,0,2,3,733,1903,1558,1341,989,200,28,8
2017,Male,"All (preventable, intentional, undetermined)",Cannabis,0,0,0,83,135,96,91,55,13,1,2
2017,Male,"All (preventable, intentional, undetermined)",Cocaine,1,0,0,633,2443,2341,2487,1742,345,21,2
2017,Male,"All (preventable, intentional, undetermined)",Opioid subgroup - heroin,0,1,1,1031,3672,2756,2283,1547,286,13,2
2017,Male,"All (preventable, intentional, undetermined)",Opioid subgroup - methadone,3,5,0,115,421,417,418,396,89,3,0
2017,Male,"All (preventable, intentional, undetermined)",Opioid subgroup – including fentanyl,4,7,9,1877,6517,5176,4082,2442,378,24,2
2017,Male,"All (preventable, intentional, undetermined)",Opioid subgroup – including oxycodone and hydrocodone,2,6,8,625,1903,1943,1942,1525,365,54,21
2017,Male,"All (preventable, intentional, undetermined)",Psychostimulants – incl. methamphetamine,3,0,0,499,1780,1771,1727,1228,220,8,3
2017,Male,Preventable/accidental,All drugs,5,8,16,3451,11536,9897,9058,6459,1335,144,60
2017,Male,Preventable/accidental,Any Opioid,3,3,11,2698,9015,7246,6026,3988,719,44,8
2017,Male,Preventable/accidental,Benzodiazepines,0,1,3,691,1792,1427,1182,829,132,5,0
2017,Male,Preventable/accidental,Cannabis,0,0,0,78,125,92,89,54,12,1,1
2017,Male,Preventable/accidental,Cocaine,0,0,0,614,2333,2239,2356,1669,329,19,1
2017,Male,Preventable/accidental,Opioid subgroup - heroin,0,1,1,989,3515,2622,2181,1479,273,12,1
2017,Male,Preventable/accidental,Opioid subgroup - methadone,0,1,0,104,381,382,369,361,82,3,0
2017,Male,Preventable/accidental,Opioid subgroup – including fentanyl,2,1,7,1750,6109,4846,3753,2224,329,18,0
2017,Male,Preventable/accidental,Opioid subgroup – including oxycodone and hydrocodone,1,2,5,573,1744,1747,1692,1269,267,17,6
2017,Male,Preventable/accidental,Psychostimulants – incl. methamphetamine,1,0,0,469,1681,1690,1669,1196,217,7,2
2016,Male,"All (preventable, intentional, undetermined)",All drugs,18,30,20,3893,11046,9457,8975,6446,1337,226,103
2016,Male,"All (preventable, intentional, undetermined)",Any Opioid,5,23,11,2986,8436,6701,5658,3861,708,84,23
2016,Male,"All (preventable, intentional, undetermined)",Benzodiazepines,0,0,1,799,1719,1455,1245,921,149,26,9
2016,Male,"All (preventable, intentional, undetermined)",Cannabis,0,0,0,71,116,92,69,35,5,1,0
2016,Male,"All (preventable, intentional, undetermined)",Cocaine,0,0,1,553,1833,1736,1841,1267,244,16,0
2016,Male,"All (preventable, intentional, undetermined)",Opioid subgroup - heroin,0,0,0,1275,3858,2785,2239,1360,227,7,0
2016,Male,"All (preventable, intentional, undetermined)",Opioid subgroup - methadone,1,4,1,136,490,479,413,411,72,4,0
2016,Male,"All (preventable, intentional, undetermined)",Opioid subgroup – including fentanyl,1,4,3,1434,4526,3503,2622,1494,228,15,3
2016,Male,"All (preventable, intentional, undetermined)",Opioid subgroup – including oxycodone and hydrocodone,2,13,7,742,1907,1831,1954,1566,318,57,19
2016,Male,"All (preventable, intentional, undetermined)",Psychostimulants – incl. methamphetamine,7,0,0,388,1218,1318,1319,932,156,8,0
2016,Male,Preventable/accidental,All drugs,5,17,13,3563,10221,8597,7933,5556,1050,141,56
2016,Male,Preventable/accidental,Any Opioid,2,12,9,2795,7896,6227,5119,3401,557,44,5
2016,Male,Preventable/accidental,Benzodiazepines,0,0,1,757,1619,1340,1104,759,95,13,0
2016,Male,Preventable/accidental,Cannabis,0,0,0,71,110,89,69,30,4,1,0
2016,Male,Preventable/accidental,Cocaine,0,0,1,535,1748,1671,1753,1216,238,16,0
2016,Male,Preventable/accidental,Opioid subgroup - heroin,0,0,0,1206,3658,2643,2110,1291,210,7,0
2016,Male,Preventable/accidental,Opioid subgroup - methadone,0,3,0,127,446,428,372,369,59,2,0
2016,Male,Preventable/accidental,Opioid subgroup – including fentanyl,0,3,3,1340,4239,3291,2373,1324,184,10,0
2016,Male,Preventable/accidental,Opioid subgroup – including oxycodone and hydrocodone,1,6,5,688,1745,1644,1682,1289,212,28,4
2016,Male,Preventable/accidental,Psychostimulants – incl. methamphetamine,2,0,0,357,1170,1245,1285,905,151,6,0
2015,Male,"All (preventable, intentional, undetermined)",All drugs,18,23,26,2977,8450,7335,7514,5172,1095,236,108
2015,Male,"All (preventable, intentional, undetermined)",Any Opioid,8,19,14,2211,6284,4944,4523,3014,561,73,20
2015,Male,"All (preventable, intentional, undetermined)",Benzodiazepines,0,0,1,476,1335,1128,1124,752,155,29,12
2015,Male,"All (preventable, intentional, undetermined)",Cannabis,0,0,1,53,95,64,63,31,1,0,0
2015,Male,"All (preventable, intentional, undetermined)",Cocaine,0,0,0,303,1132,1106,1302,879,156,7,0
2015,Male,"All (preventable, intentional, undetermined)",Opioid subgroup - heroin,1,0,1,1172,3297,2305,1857,1096,145,7,0
2015,Male,"All (preventable, intentional, undetermined)",Opioid subgroup - methadone,1,3,3,149,494,432,424,353,75,4,1
2015,Male,"All (preventable, intentional, undetermined)",Opioid subgroup – including fentanyl,3,3,0,718,2176,1588,1236,712,108,9,7
2015,Male,"All (preventable, intentional, undetermined)",Opioid subgroup – including oxycodone and hydrocodone,3,13,9,493,1570,1569,1748,1347,297,57,11
2015,Male,"All (preventable, intentional, undetermined)",Psychostimulants – incl. methamphetamine,3,0,1,259,890,963,1033,681,130,7,2
2015,Male,Preventable/accidental,All drugs,5,11,13,2684,7786,6589,6474,4357,853,150,62
2015,Male,Preventable/accidental,Any Opioid,2,9,10,2064,5899,4587,4038,2602,448,36,5
2015,Male,Preventable/accidental,Benzodiazepines,0,0,0,445,1237,1017,957,592,104,9,1
2015,Male,Preventable/accidental,Cannabis,0,0,1,50,90,62,63,30,0,0,0
2015,Male,Preventable/accidental,Cocaine,0,0,0,293,1092,1054,1232,858,151,7,0
2015,Male,Preventable/accidental,Opioid subgroup - heroin,0,0,1,1105,3132,2190,1747,1030,139,7,0
2015,Male,Preventable/accidental,Opioid subgroup - methadone,0,3,1,142,454,398,372,314,63,2,0
2015,Male,Preventable/accidental,Opioid subgroup – including fentanyl,0,1,0,667,2058,1484,1107,617,85,7,2
2015,Male,Preventable/accidental,Opioid subgroup – including oxycodone and hydrocodone,2,5,7,453,1439,1409,1496,1081,216,23,3
2015,Male,Preventable/accidental,Psychostimulants – incl. methamphetamine,0,0,0,243,825,908,978,653,124,7,0
2014,Male,"All (preventable, intentional, undetermined)",All drugs,11,23,16,2723,7012,6216,7043,4546,903,226,90
2014,Male,"All (preventable, intentional, undetermined)",Any Opioid,4,18,10,1995,5136,4053,4109,2588,426,59,20
2014,Male,"All (preventable, intentional, undetermined)",Benzodiazepines,1,3,2,405,1158,991,1102,644,118,26,8
2014,Male,"All (preventable, intentional, undetermined)",Cannabis,0,0,0,44,66,31,38,26,3,0,0
2014,Male,"All (preventable, intentional, undetermined)",Cocaine,1,2,0,250,823,839,1139,685,130,11,0
2014,Male,"All (preventable, intentional, undetermined)",Opioid subgroup - heroin,0,0,0,1079,2706,1860,1539,858,112,5,1
2014,Male,"All (preventable, intentional, undetermined)",Opioid subgroup - methadone,0,4,3,173,529,440,445,363,50,2,0
2014,Male,"All (preventable, intentional, undetermined)",Opioid subgroup – including fentanyl,1,2,2,376,1056,789,780,396,53,7,3
2014,Male,"All (preventable, intentional, undetermined)",Opioid subgroup – including oxycodone and hydrocodone,3,12,7,529,1422,1447,1794,1221,238,44,14
2014,Male,"All (preventable, intentional, undetermined)",Psychostimulants – incl. methamphetamine,3,0,0,237,676,679,852,497,70,4,1
2014,Male,Preventable/accidental,All drugs,4,7,9,2434,6322,5406,5971,3744,643,135,48
2014,Male,Preventable/accidental,Any Opioid,2,4,6,1850,4760,3704,3631,2219,317,27,6
2014,Male,Preventable/accidental,Benzodiazepines,0,2,1,371,1064,894,928,528,73,8,0
2014,Male,Preventable/accidental,Cannabis,0,0,0,44,64,30,35,22,3,0,0
2014,Male,Preventable/accidental,Cocaine,1,1,0,239,792,803,1079,659,128,10,0
2014,Male,Preventable/accidental,Opioid subgroup - heroin,0,0,0,1026,2563,1775,1442,805,106,4,1
2014,Male,Preventable/accidental,Opioid subgroup - methadone,0,1,1,162,484,408,403,317,40,2,0
2014,Male,Preventable/accidental,Opioid subgroup – including fentanyl,1,1,1,335,970,708,665,329,37,4,1
2014,Male,Preventable/accidental,Opioid subgroup – including oxycodone and hydrocodone,1,2,6,477,1289,1269,1531,990,150,17,3
2014,Male,Preventable/accidental,Psychostimulants – incl. methamphetamine,0,0,0,221,627,621,808,480,68,2,1
2013,Male,"All (preventable, intentional, undetermined)",All drugs,13,24,12,2636,6197,5658,6797,4309,812,216,120
2013,Male,"All (preventable, intentional, undetermined)",Any Opioid,4,19,10,1846,4268,3409,3757,2257,336,58,30
2013,Male,"All (preventable, intentional, undetermined)",Benzodiazepines,0,0,1,374,977,859,1036,578,86,27,9
2013,Male,"All (preventable, intentional, undetermined)",Cannabis,0,0,0,41,58,42,33,13,6,0,0
2013,Male,"All (preventable, intentional, undetermined)",Cocaine,0,0,0,195,689,767,1124,666,115,9,1
2013,Male,"All (preventable, intentional, undetermined)",Opioid subgroup - heroin,0,0,0,941,2151,1384,1296,684,63,2,2
2013,Male,"All (preventable, intentional, undetermined)",Opioid subgroup - methadone,1,4,3,206,572,461,495,332,52,5,3
2013,Male,"All (preventable, intentional, undetermined)",Opioid subgroup – including fentanyl,1,2,0,169,438,344,408,266,37,7,2
2013,Male,"All (preventable, intentional, undetermined)",Opioid subgroup – including oxycodone and hydrocodone,2,11,8,575,1386,1332,1774,1084,193,41,22
2013,Male,"All (preventable, intentional, undetermined)",Psychostimulants – incl. methamphetamine,1,0,0,203,559,586,721,400,47,2,0
2013,Male,Preventable/accidental,All drugs,3,10,8,2302,5567,4857,5716,3493,549,133,66
2013,Male,Preventable/accidental,Any Opioid,1,5,6,1706,3970,3106,3322,1910,238,33,10
2013,Male,Preventable/accidental,Benzodiazepines,0,0,1,350,899,746,868,448,41,10,2
2013,Male,Preventable/accidental,Cannabis,0,0,0,40,55,36,32,12,5,0,0
2013,Male,Preventable/accidental,Cocaine,0,0,0,189,663,731,1073,645,115,8,1
2013,Male,Preventable/accidental,Opioid subgroup - heroin,0,0,0,888,2054,1315,1228,648,60,2,1
2013,Male,Preventable/accidental,Opioid subgroup - methadone,0,0,2,194,527,419,454,291,45,3,2
2013,Male,Preventable/accidental,Opioid subgroup – including fentanyl,0,2,0,148,397,304,352,214,25,3,2
2013,Male,Preventable/accidental,Opioid subgroup – including oxycodone and hydrocodone,1,2,5,513,1250,1177,1497,857,119,22,6
2013,Male,Preventable/accidental,Psychostimulants – incl. methamphetamine,0,0,0,190,523,547,673,378,44,1,0
2012,Male,"All (preventable, intentional, undetermined)",All drugs,18,25,25,2573,5760,5474,6637,3617,696,181,104
2012,Male,"All (preventable, intentional, undetermined)",Any Opioid,9,17,18,1769,3802,3285,3614,1878,271,49,20
2012,Male,"All (preventable, intentional, undetermined)",Benzodiazepines,1,0,4,374,878,921,944,508,86,10,9
2012,Male,"All (preventable, intentional, undetermined)",Cannabis,0,0,1,32,56,33,36,13,1,0,0
2012,Male,"All (preventable, intentional, undetermined)",Cocaine,1,1,1,200,571,687,1064,535,77,4,0
2012,Male,"All (preventable, intentional, undetermined)",Opioid subgroup - heroin,1,0,3,722,1511,1034,989,419,30,2,0
2012,Male,"All (preventable, intentional, undetermined)",Opioid subgroup - methadone,2,7,3,263,675,554,547,361,35,3,2
2012,Male,"All (preventable, intentional, undetermined)",Opioid subgroup – including fentanyl,2,2,3,137,324,328,376,211,39,9,2
2012,Male,"All (preventable, intentional, undetermined)",Opioid subgroup – including oxycodone and hydrocodone,5,7,10,603,1346,1430,1735,937,175,31,16
2012,Male,"All (preventable, intentional, undetermined)",Psychostimulants – incl. methamphetamine,3,3,1,134,365,432,556,280,45,0,0
2012,Male,Preventable/accidental,All drugs,3,13,19,2257,5051,4638,5449,2856,483,120,62
2012,Male,Preventable/accidental,Any Opioid,0,10,14,1621,3493,2965,3135,1555,200,27,6
2012,Male,Preventable/accidental,Benzodiazepines,0,0,4,343,780,806,797,378,56,3,3
2012,Male,Preventable/accidental,Cannabis,0,0,1,29,49,28,33,13,1,0,0
2012,Male,Preventable/accidental,Cocaine,1,1,1,190,544,653,1016,512,76,4,0
2012,Male,Preventable/accidental,Opioid subgroup - heroin,0,0,3,676,1430,978,914,398,30,2,0
2012,Male,Preventable/accidental,Opioid subgroup - methadone,0,2,2,238,618,506,488,319,27,1,2
2012,Male,Preventable/accidental,Opioid subgroup – including fentanyl,0,2,3,119,285,280,316,158,29,6,2
2012,Male,Preventable/accidental,Opioid subgroup – including oxycodone and hydrocodone,0,5,7,541,1200,1255,1464,727,117,15,2
2012,Male,Preventable/accidental,Psychostimulants – incl. methamphetamine,1,1,0,123,337,394,520,267,42,0,0
2011,Male,"All (preventable, intentional, undetermined)",All drugs,16,23,27,2772,5796,5415,6690,3405,570,189,81
2011,Male,"All (preventable, intentional, undetermined)",Any Opioid,9,20,17,1921,3768,3154,3594,1698,213,43,19
2011,Male,"All (preventable, intentional, undetermined)",Benzodiazepines,0,1,3,456,990,938,1041,450,70,16,5
2011,Male,"All (preventable, intentional, undetermined)",Cannabis,0,0,2,36,48,24,37,16,0,0,0
2011,Male,"All (preventable, intentional, undetermined)",Cocaine,3,0,0,228,720,781,1025,547,57,5,0
2011,Male,"All (preventable, intentional, undetermined)",Opioid subgroup - heroin,1,0,0,626,1126,721,704,311,28,1,0
2011,Male,"All (preventable, intentional, undetermined)",Opioid subgroup - methadone,0,4,4,382,739,599,655,321,36,1,2
2011,Male,"All (preventable, intentional, undetermined)",Opioid subgroup – including fentanyl,3,4,2,160,325,289,404,187,30,9,6
2011,Male,"All (preventable, intentional, undetermined)",Opioid subgroup – including oxycodone and hydrocodone,5,12,10,743,1588,1554,1899,916,129,35,11
2011,Male,"All (preventable, intentional, undetermined)",Psychostimulants – incl. methamphetamine,0,0,1,136,326,368,483,225,34,0,0
2011,Male,Preventable/accidental,All drugs,7,11,15,2434,5098,4611,5494,2668,374,119,57
2011,Male,Preventable/accidental,Any Opioid,3,9,11,1746,3422,2827,3122,1424,140,21,11
2011,Male,Preventable/accidental,Benzodiazepines,0,0,3,410,910,835,875,355,43,6,2
2011,Male,Preventable/accidental,Cannabis,0,0,1,33,45,22,34,15,0,0,0
2011,Male,Preventable/accidental,Cocaine,2,0,0,216,673,735,965,515,55,5,0
2011,Male,Preventable/accidental,Opioid subgroup - heroin,0,0,0,583,1049,676,657,294,25,1,0
2011,Male,Preventable/accidental,Opioid subgroup - methadone,0,1,2,342,672,540,577,284,27,1,1
2011,Male,Preventable/accidental,Opioid subgroup – including fentanyl,1,3,2,142,276,234,340,146,21,6,4
2011,Male,Preventable/accidental,Opioid subgroup – including oxycodone and hydrocodone,2,5,6,666,1414,1378,1594,727,75,16,5
2011,Male,Preventable/accidental,Psychostimulants – incl. methamphetamine,0,0,1,121,293,341,456,210,32,0,0
2010,Male,"All (preventable, intentional, undetermined)",All drugs,14,24,42,2583,5150,5082,6313,3050,459,195,91
2010,Male,"All (preventable, intentional, undetermined)",Any Opioid,6,17,31,1784,3335,3008,3407,1535,160,46,25
2010,Male,"All (preventable, intentional, undetermined)",Benzodiazepines,1,0,5,486,995,892,1041,423,54,14,7
2010,Male,"All (preventable, intentional, undetermined)",Cannabis,0,0,0,39,34,28,25,12,2,0,0
2010,Male,"All (preventable, intentional, undetermined)",Cocaine,1,0,0,185,576,737,1019,468,53,9,1
2010,Male,"All (preventable, intentional, undetermined)",Opioid subgroup - heroin,0,0,0,419,727,562,526,201,15,2,0
2010,Male,"All (preventable, intentional, undetermined)",Opioid subgroup - methadone,1,7,11,434,818,590,703,340,24,1,2
2010,Male,"All (preventable, intentional, undetermined)",Opioid subgroup – including fentanyl,0,2,7,152,380,367,430,200,14,11,3
2010,Male,"All (preventable, intentional, undetermined)",Opioid subgroup – including oxycodone and hydrocodone,4,8,14,771,1461,1530,1840,827,99,30,18
2010,Male,"All (preventable, intentional, undetermined)",Psychostimulants – incl. methamphetamine,2,1,1,106,258,314,389,167,19,4,1
2010,Male,Preventable/accidental,All drugs,4,10,29,2225,4483,4245,5076,2302,299,113,49
2010,Male,Preventable/accidental,Any Opioid,3,6,21,1618,3006,2655,2879,1239,106,18,8
2010,Male,Preventable/accidental,Benzodiazepines,0,0,5,446,903,781,840,302,27,5,1
2010,Male,Preventable/accidental,Cannabis,0,0,0,38,32,22,21,11,2,0,0
2010,Male,Preventable/accidental,Cocaine,0,0,0,169,529,676,956,450,52,9,0
2010,Male,Preventable/accidental,Opioid subgroup - heroin,0,0,0,384,670,515,484,190,13,1,0
2010,Male,Preventable/accidental,Opioid subgroup - methadone,0,1,8,398,742,529,629,292,21,0,1
2010,Male,Preventable/accidental,Opioid subgroup – including fentanyl,0,2,4,126,330,318,330,152,9,5,0
2010,Male,Preventable/accidental,Opioid subgroup – including oxycodone and hydrocodone,2,3,9,688,1300,1332,1513,637,59,10,7
2010,Male,Preventable/accidental,Psychostimulants – incl. methamphetamine,1,1,1,94,233,288,359,159,18,2,0
2009,Male,"All (preventable, intentional, undetermined)",All drugs,13,20,24,2515,4906,5199,6422,2733,474,190,91
2009,Male,"All (preventable, intentional, undetermined)",Any Opioid,3,14,15,1708,3184,3047,3497,1412,190,41,23
2009,Male,"All (preventable, intentional, undetermined)",Benzodiazepines,1,1,1,424,781,787,912,328,34,10,7
2009,Male,"All (preventable, intentional, undetermined)",Cannabis,0,0,0,27,18,15,20,7,0,0,0
2009,Male,"All (preventable, intentional, undetermined)",Cocaine,2,0,0,211,619,829,1054,444,44,4,1
2009,Male,"All (preventable, intentional, undetermined)",Opioid subgroup - heroin,0,0,1,395,790,617,659,219,17,2,1
2009,Male,"All (preventable, intentional, undetermined)",Opioid subgroup - methadone,2,3,2,488,773,657,736,332,36,4,1
2009,Male,"All (preventable, intentional, undetermined)",Opioid subgroup – including fentanyl,1,1,1,150,314,372,456,175,26,2,3
2009,Male,"All (preventable, intentional, undetermined)",Opioid subgroup – including oxycodone and hydrocodone,0,10,11,635,1297,1359,1680,692,119,28,17
2009,Male,"All (preventable, intentional, undetermined)",Psychostimulants – incl. methamphetamine,1,0,0,101,243,310,330,136,18,3,1
2009,Male,Preventable/accidental,All drugs,7,8,13,2168,4199,4308,5133,2060,291,126,61
2009,Male,Preventable/accidental,Any Opioid,1,5,10,1523,2806,2649,2914,1126,122,22,9
2009,Male,Preventable/accidental,Benzodiazepines,1,1,0,375,681,643,743,227,12,4,3
2009,Male,Preventable/accidental,Cannabis,0,0,0,21,14,10,17,7,0,0,0
2009,Male,Preventable/accidental,Cocaine,1,0,0,194,573,753,974,416,43,4,1
2009,Male,Preventable/accidental,Opioid subgroup - heroin,0,0,1,356,719,555,605,194,17,1,1
2009,Male,Preventable/accidental,Opioid subgroup - methadone,0,0,1,441,705,586,645,284,24,3,1
2009,Male,Preventable/accidental,Opioid subgroup – including fentanyl,1,0,1,126,264,289,354,118,12,0,2
2009,Male,Preventable/accidental,Opioid subgroup – including oxycodone and hydrocodone,0,5,8,548,1113,1154,1356,523,70,13,4
2009,Male,Preventable/accidental,Psychostimulants – incl. methamphetamine,0,0,0,89,218,283,308,122,17,2,0
2008,Male,"All (preventable, intentional, undetermined)",All drugs,11,27,35,2639,4763,5382,6469,2440,453,175,73
2008,Male,"All (preventable, intentional, undetermined)",Any Opioid,3,14,24,1812,2975,3019,3503,1204,170,30,8
2008,Male,"All (preventable, intentional, undetermined)",Benzodiazepines,1,0,5,417,660,679,854,291,42,8,7
2008,Male,"All (preventable, intentional, undetermined)",Cannabis,0,0,0,28,24,18,11,9,1,0,0
2008,Male,"All (preventable, intentional, undetermined)",Cocaine,1,1,1,295,791,998,1237,428,50,3,2
2008,Male,"All (preventable, intentional, undetermined)",Opioid subgroup - heroin,0,0,0,401,672,597,599,201,18,1,1
2008,Male,"All (preventable, intentional, undetermined)",Opioid subgroup - methadone,3,3,11,561,821,668,856,247,25,4,1
2008,Male,"All (preventable, intentional, undetermined)",Opioid subgroup – including fentanyl,0,2,0,142,248,318,375,108,26,3,1
2008,Male,"All (preventable, intentional, undetermined)",Opioid subgroup – including oxycodone and hydrocodone,0,9,13,668,1192,1320,1623,608,101,18,4
2008,Male,"All (preventable, intentional, undetermined)",Psychostimulants – incl. methamphetamine,0,0,0,96,194,234,286,108,8,1,0
2008,Male,Preventable/accidental,All drugs,2,11,21,2296,4091,4405,5175,1824,290,116,44
2008,Male,Preventable/accidental,Any Opioid,1,5,14,1623,2669,2615,2916,947,123,17,4
2008,Male,Preventable/accidental,Benzodiazepines,0,0,3,368,575,562,674,202,15,1,1
2008,Male,Preventable/accidental,Cannabis,0,0,0,23,22,17,9,8,1,0,0
2008,Male,Preventable/accidental,Cocaine,0,0,1,272,719,911,1141,404,45,3,2
2008,Male,Preventable/accidental,Opioid subgroup - heroin,0,0,0,362,620,552,533,191,17,1,1
2008,Male,Preventable/accidental,Opioid subgroup - methadone,1,1,6,496,725,581,736,196,22,2,1
2008,Male,Preventable/accidental,Opioid subgroup – including fentanyl,0,1,0,124,219,259,294,76,17,2,0
2008,Male,Preventable/accidental,Opioid subgroup – including oxycodone and hydrocodone,0,4,8,594,1049,1111,1302,447,67,9,1
2008,Male,Preventable/accidental,Psychostimulants – incl. methamphetamine,0,0,0,79,173,209,264,96,7,1,0
2007,Male,"All (preventable, intentional, undetermined)",All drugs,18,21,42,2667,4662,5689,6316,2234,398,170,78
2007,Male,"All (preventable, intentional, undetermined)",Any Opioid,4,16,24,1685,2768,3013,3195,1045,129,31,23
2007,Male,"All (preventable, intentional, undetermined)",Benzodiazepines,0,1,5,370,638,648,676,219,31,12,6
2007,Male,"All (preventable, intentional, undetermined)",Cannabis,0,0,0,25,30,25,16,1,1,0,0
2007,Male,"All (preventable, intentional, undetermined)",Cocaine,2,0,0,444,996,1405,1457,469,69,3,2
2007,Male,"All (preventable, intentional, undetermined)",Opioid subgroup - heroin,0,1,0,298,478,521,556,133,11,0,1
2007,Male,"All (preventable, intentional, undetermined)",Opioid subgroup - methadone,4,9,7,669,954,780,886,271,14,3,0
2007,Male,"All (preventable, intentional, undetermined)",Opioid subgroup – including fentanyl,0,1,4,128,278,327,296,96,20,5,5
2007,Male,"All (preventable, intentional, undetermined)",Opioid subgroup – including oxycodone and hydrocodone,0,5,12,586,1034,1232,1375,533,75,18,18
2007,Male,"All (preventable, intentional, undetermined)",Psychostimulants – incl. methamphetamine,1,0,1,91,192,276,292,105,11,0,0
2007,Male,Preventable/accidental,All drugs,9,11,33,2250,3944,4599,5072,1677,274,112,46
2007,Male,Preventable/accidental,Any Opioid,1,7,19,1461,2419,2549,2675,827,79,10,7
2007,Male,Preventable/accidental,Benzodiazepines,0,1,5,325,565,536,510,153,12,2,0
2007,Male,Preventable/accidental,Cannabis,0,0,0,20,24,20,12,1,1,0,0
2007,Male,Preventable/accidental,Cocaine,2,0,0,413,919,1263,1354,442,64,3,2
2007,Male,Preventable/accidental,Opioid subgroup - heroin,0,1,0,267,424,458,499,129,10,0,1
2007,Male,Preventable/accidental,Opioid subgroup - methadone,1,4,4,597,839,681,765,218,9,1,0
2007,Male,Preventable/accidental,Opioid subgroup – including fentanyl,0,1,3,100,236,264,238,73,12,1,2
2007,Male,Preventable/accidental,Opioid subgroup – including oxycodone and hydrocodone,0,1,11,495,895,1019,1117,400,38,7,2
2007,Male,Preventable/accidental,Psychostimulants – incl. methamphetamine,0,0,0,78,161,242,276,95,11,0,0
2006,Male,"All (preventable, intentional, undetermined)",All drugs,23,20,33,2640,4483,5914,6322,1896,307,174,72
2006,Male,"All (preventable, intentional, undetermined)",Any Opioid,4,14,18,1652,2581,3050,3257,857,115,39,9
2006,Male,"All (preventable, intentional, undetermined)",Benzodiazepines,0,0,4,347,509,608,659,185,32,11,7
2006,Male,"All (preventable, intentional, undetermined)",Cannabis,0,0,0,27,24,17,26,0,1,0,0
2006,Male,"All (preventable, intentional, undetermined)",Cocaine,2,1,1,508,1136,1714,1714,450,48,6,3
2006,Male,"All (preventable, intentional, undetermined)",Opioid subgroup - heroin,1,0,1,256,411,453,487,122,10,0,0
2006,Male,"All (preventable, intentional, undetermined)",Opioid subgroup - methadone,2,3,12,668,895,869,922,212,28,4,2
2006,Male,"All (preventable, intentional, undetermined)",Opioid subgroup – including fentanyl,0,3,0,212,363,472,478,118,18,12,1
2006,Male,"All (preventable, intentional, undetermined)",Opioid subgroup – including oxycodone and hydrocodone,2,8,6,515,860,1139,1240,400,58,18,4
2006,Male,"All (preventable, intentional, undetermined)",Psychostimulants – incl. methamphetamine,3,0,0,107,201,312,321,98,8,1,0
2006,Male,Preventable/accidental,All drugs,6,9,24,2218,3770,4837,5092,1409,207,110,50
2006,Male,Preventable/accidental,Any Opioid,0,7,14,1426,2246,2607,2668,664,81,15,6
2006,Male,Preventable/accidental,Benzodiazepines,0,0,4,300,436,514,520,118,14,4,2
2006,Male,Preventable/accidental,Cannabis,0,0,0,23,18,15,20,0,1,0,0
2006,Male,Preventable/accidental,Cocaine,0,0,1,449,1034,1543,1584,428,45,6,3
2006,Male,Preventable/accidental,Opioid subgroup - heroin,0,0,1,233,372,400,435,113,10,0,0
2006,Male,Preventable/accidental,Opioid subgroup - methadone,0,1,9,575,775,754,760,165,20,2,2
2006,Male,Preventable/accidental,Opioid subgroup – including fentanyl,0,2,0,183,311,416,404,93,14,4,1
2006,Male,Preventable/accidental,Opioid subgroup – including oxycodone and hydrocodone,0,4,5,428,732,950,965,291,40,7,2
2006,Male,Preventable/accidental,Psychostimulants – incl. methamphetamine,1,0,0,88,169,271,296,89,8,0,0
2005,Male,"All (preventable, intentional, undetermined)",All drugs,18,23,23,2185,3686,5279,5396,1569,286,179,75
2005,Male,"All (preventable, intentional, undetermined)",Any Opioid,2,17,14,1314,2067,2661,2849,693,89,33,17
2005,Male,"All (preventable, intentional, undetermined)",Benzodiazepines,0,0,0,239,400,524,553,118,25,9,6
2005,Male,"All (preventable, intentional, undetermined)",Cannabis,0,0,0,24,26,15,16,2,0,0,0
2005,Male,"All (preventable, intentional, undetermined)",Cocaine,0,1,0,414,930,1476,1336,370,51,7,1
2005,Male,"All (preventable, intentional, undetermined)",Opioid subgroup - heroin,0,0,1,214,389,412,490,106,8,0,0
2005,Male,"All (preventable, intentional, undetermined)",Opioid subgroup - methadone,0,3,10,484,680,752,773,189,17,4,0
2005,Male,"All (preventable, intentional, undetermined)",Opioid subgroup – including fentanyl,0,2,1,105,179,279,273,64,7,7,2
2005,Male,"All (preventable, intentional, undetermined)",Opioid subgroup – including oxycodone and hydrocodone,2,12,4,409,672,948,1104,300,47,20,14
2005,Male,"All (preventable, intentional, undetermined)",Psychostimulants – incl. methamphetamine,1,0,0,149,227,385,328,72,7,0,0
2005,Male,Preventable/accidental,All drugs,7,8,16,1840,3091,4240,4305,1151,181,116,52
2005,Male,Preventable/accidental,Any Opioid,1,6,12,1145,1814,2229,2350,521,54,14,10
2005,Male,Preventable/accidental,Benzodiazepines,0,0,0,206,339,421,420,81,6,1,1
2005,Male,Preventable/accidental,Cannabis,0,0,0,19,23,14,15,2,0,0,0
2005,Male,Preventable/accidental,Cocaine,0,0,0,360,843,1322,1228,354,48,7,1
2005,Male,Preventable/accidental,Opioid subgroup - heroin,0,0,1,198,356,382,440,99,8,0,0
2005,Male,Preventable/accidental,Opioid subgroup - methadone,0,2,9,431,599,635,649,147,11,3,0
2005,Male,Preventable/accidental,Opioid subgroup – including fentanyl,0,1,1,84,148,232,210,48,2,2,1
2005,Male,Preventable/accidental,Opioid subgroup – including oxycodone and hydrocodone,1,3,3,346,566,770,883,201,25,7,8
2005,Male,Preventable/accidental,Psychostimulants – incl. methamphetamine,0,0,0,130,198,350,297,64,6,0,0
2004,Male,"All (preventable, intentional, undetermined)",All drugs,11,16,25,2068,3269,5190,4856,1219,249,146,66
2004,Male,"All (preventable, intentional, undetermined)",Any Opioid,3,12,17,1263,1864,2732,2522,573,87,25,13
2004,Male,"All (preventable, intentional, undetermined)",Benzodiazepines,0,0,2,211,301,452,442,103,19,12,6
2004,Male,"All (preventable, intentional, undetermined)",Cannabis,0,0,0,23,18,18,17,0,0,0,0
2004,Male,"All (preventable, intentional, undetermined)",Cocaine,0,0,2,386,783,1344,1212,271,33,7,0
2004,Male,"All (preventable, intentional, undetermined)",Opioid subgroup - heroin,0,0,1,206,380,438,408,90,13,0,0
2004,Male,"All (preventable, intentional, undetermined)",Opioid subgroup - methadone,1,6,6,487,565,684,620,116,13,2,1
2004,Male,"All (preventable, intentional, undetermined)",Opioid subgroup – including fentanyl,0,0,0,95,168,296,250,45,6,1,5
2004,Male,"All (preventable, intentional, undetermined)",Opioid subgroup – including oxycodone and hydrocodone,2,6,10,391,579,972,969,260,39,18,6
2004,Male,"All (preventable, intentional, undetermined)",Psychostimulants – incl. methamphetamine,0,0,1,99,203,314,235,56,4,0,0
2004,Male,Preventable/accidental,All drugs,3,8,17,1681,2566,3989,3707,841,164,95,39
2004,Male,Preventable/accidental,Any Opioid,0,6,12,1059,1529,2160,1985,426,59,14,8
2004,Male,Preventable/accidental,Benzodiazepines,0,0,0,176,244,348,330,62,7,3,0
2004,Male,Preventable/accidental,Cannabis,0,0,0,17,16,15,15,0,0,0,0
2004,Male,Preventable/accidental,Cocaine,0,0,1,335,667,1143,1061,241,30,7,0
2004,Male,Preventable/accidental,Opioid subgroup - heroin,0,0,1,191,346,393,379,82,13,0,0
2004,Male,Preventable/accidental,Opioid subgroup - methadone,0,2,5,440,494,580,508,94,12,1,1
2004,Male,Preventable/accidental,Opioid subgroup – including fentanyl,0,0,0,80,133,232,183,27,2,0,3
2004,Male,Preventable/accidental,Opioid subgroup – including oxycodone and hydrocodone,0,4,6,312,465,760,747,178,21,9,4
2004,Male,Preventable/accidental,Psychostimulants – incl. methamphetamine,0,0,1,90,171,277,204,49,4,0,0
2003,Male,"All (preventable, intentional, undetermined)",All drugs,16,21,20,1859,3106,5326,4525,1057,247,149,64
2003,Male,"All (preventable, intentional, undetermined)",Any Opioid,5,10,9,1093,1766,2848,2467,484,88,20,9
2003,Male,"All (preventable, intentional, undetermined)",Benzodiazepines,2,0,1,159,246,442,399,79,17,13,5
2003,Male,"All (preventable, intentional, undetermined)",Cannabis,0,0,0,14,15,6,7,0,1,0,0
2003,Male,"All (preventable, intentional, undetermined)",Cocaine,1,1,1,357,789,1402,1062,219,34,3,2
2003,Male,"All (preventable, intentional, undetermined)",Opioid subgroup - heroin,0,0,0,204,375,535,516,75,15,1,1
2003,Male,"All (preventable, intentional, undetermined)",Opioid subgroup - methadone,0,3,4,355,361,574,531,92,8,2,1
2003,Male,"All (preventable, intentional, undetermined)",Opioid subgroup – including fentanyl,1,0,1,73,153,275,193,43,14,3,1
2003,Male,"All (preventable, intentional, undetermined)",Opioid subgroup – including oxycodone and hydrocodone,3,7,4,350,575,991,902,211,40,12,7
2003,Male,"All (preventable, intentional, undetermined)",Psychostimulants – incl. methamphetamine,1,1,0,114,193,257,216,39,3,1,0
2003,Male,Preventable/accidental,All drugs,8,15,13,1465,2405,3954,3394,728,164,107,39
2003,Male,Preventable/accidental,Any Opioid,2,7,6,878,1406,2174,1925,363,56,8,6
2003,Male,Preventable/accidental,Benzodiazepines,1,0,1,135,204,341,303,51,6,5,2
2003,Male,Preventable/accidental,Cannabis,0,0,0,12,10,5,6,0,1,0,0
2003,Male,Preventable/accidental,Cocaine,1,1,0,280,649,1158,928,196,32,3,1
2003,Male,Preventable/accidental,Opioid subgroup - heroin,0,0,0,189,348,495,486,71,15,1,1
2003,Male,Preventable/accidental,Opioid subgroup - methadone,0,1,2,314,310,488,441,75,7,1,1
2003,Male,Preventable/accidental,Opioid subgroup – including fentanyl,0,0,0,60,127,203,148,27,8,1,1
2003,Male,Preventable/accidental,Opioid subgroup – including oxycodone and hydrocodone,2,6,4,277,470,793,709,148,21,4,4
2003,Male,Preventable/accidental,Psychostimulants – incl. methamphetamine,1,1,0,92,158,237,198,37,3,1,0
2002,Male,"All (preventable, intentional, undetermined)",All drugs,20,9,23,1535,2915,5200,3981,877,231,156,74
2002,Male,"All (preventable, intentional, undetermined)",Any Opioid,6,4,13,910,1618,2857,2242,395,70,26,14
2002,Male,"All (preventable, intentional, undetermined)",Benzodiazepines,0,0,1,136,239,415,331,91,24,15,7
2002,Male,"All (preventable, intentional, undetermined)",Cannabis,0,0,0,9,12,15,5,0,1,0,0
2002,Male,"All (preventable, intentional, undetermined)",Cocaine,1,1,0,279,721,1323,923,184,15,3,2
2002,Male,"All (preventable, intentional, undetermined)",Opioid subgroup - heroin,0,0,0,185,342,632,486,75,9,1,0
2002,Male,"All (preventable, intentional, undetermined)",Opioid subgroup - methadone,2,1,6,232,318,475,415,66,10,1,0
2002,Male,"All (preventable, intentional, undetermined)",Opioid subgroup – including fentanyl,0,0,3,62,131,254,183,38,2,4,3
2002,Male,"All (preventable, intentional, undetermined)",Opioid subgroup – including oxycodone and hydrocodone,4,3,4,276,543,976,817,164,35,15,9
2002,Male,"All (preventable, intentional, undetermined)",Psychostimulants – incl. methamphetamine,1,0,0,90,143,243,151,24,3,1,0
2002,Male,Preventable/accidental,All drugs,15,7,13,1220,2197,3910,2957,581,144,90,52
2002,Male,Preventable/accidental,Any Opioid,3,3,9,744,1266,2222,1737,280,47,10,7
2002,Male,Preventable/accidental,Benzodiazepines,0,0,1,113,188,313,243,45,8,2,3
2002,Male,Preventable/accidental,Cannabis,0,0,0,8,7,12,3,0,1,0,0
2002,Male,Preventable/accidental,Cocaine,0,1,0,247,600,1131,820,161,14,3,1
2002,Male,Preventable/accidental,Opioid subgroup - heroin,0,0,0,170,317,591,460,68,9,1,0
2002,Male,Preventable/accidental,Opioid subgroup - methadone,0,0,6,205,277,387,333,54,8,1,0
2002,Male,Preventable/accidental,Opioid subgroup – including fentanyl,0,0,1,52,99,181,117,18,0,1,1
2002,Male,Preventable/accidental,Opioid subgroup – including oxycodone and hydrocodone,3,3,2,227,439,795,643,106,20,4,5
2002,Male,Preventable/accidental,Psychostimulants – incl. methamphetamine,0,0,0,78,119,222,137,22,3,1,0
2001,Male,"All (preventable, intentional, undetermined)",All drugs,14,21,21,1262,2393,4611,3287,635,224,130,45
2001,Male,"All (preventable, intentional, undetermined)",Any Opioid,5,11,11,741,1312,2458,1809,294,47,25,9
2001,Male,"All (preventable, intentional, undetermined)",Benzodiazepines,0,1,3,107,171,352,262,51,19,11,3
2001,Male,"All (preventable, intentional, undetermined)",Cannabis,0,0,0,8,5,13,6,0,0,0,0
2001,Male,"All (preventable, intentional, undetermined)",Cocaine,1,0,0,212,610,1145,746,127,25,4,1
2001,Male,"All (preventable, intentional, undetermined)",Opioid subgroup - heroin,0,0,0,170,316,526,386,58,6,3,0
2001,Male,"All (preventable, intentional, undetermined)",Opioid subgroup - methadone,1,3,1,127,179,336,263,43,6,0,0
2001,Male,"All (preventable, intentional, undetermined)",Opioid subgroup – including fentanyl,0,0,0,39,88,198,134,32,7,8,3
2001,Male,"All (preventable, intentional, undetermined)",Opioid subgroup – including oxycodone and hydrocodone,2,7,7,274,402,831,636,109,21,12,5
2001,Male,"All (preventable, intentional, undetermined)",Psychostimulants – incl. methamphetamine,1,0,3,65,113,140,76,13,0,0,0
2001,Male,Preventable/accidental,All drugs,4,15,11,980,1777,3320,2341,427,126,86,24
2001,Male,Preventable/accidental,Any Opioid,1,7,5,594,1022,1820,1348,217,27,11,3
2001,Male,Preventable/accidental,Benzodiazepines,0,1,2,90,129,241,187,31,3,2,0
2001,Male,Preventable/accidental,Cannabis,0,0,0,8,5,9,5,0,0,0,0
2001,Male,Preventable/accidental,Cocaine,0,0,0,180,503,950,648,117,22,4,1
2001,Male,Preventable/accidental,Opioid subgroup - heroin,0,0,0,155,296,494,357,54,6,3,0
2001,Male,Preventable/accidental,Opioid subgroup - methadone,1,1,1,117,153,276,214,34,5,0,0
2001,Male,Preventable/accidental,Opioid subgroup – including fentanyl,0,0,0,27,68,145,87,17,4,3,1
2001,Male,Preventable/accidental,Opioid subgroup – including oxycodone and hydrocodone,0,5,3,223,319,637,477,74,11,6,2
2001,Male,Preventable/accidental,Psychostimulants – incl. methamphetamine,0,0,2,54,93,121,64,11,0,0,0
2000,Male,"All (preventable, intentional, undetermined)",All drugs,12,12,24,1066,2267,4380,2911,516,172,120,72
2000,Male,"All (preventable, intentional, undetermined)",Any Opioid,5,7,9,588,1247,2404,1595,218,39,17,5
2000,Male,"All (preventable, intentional, undetermined)",Benzodiazepines,0,0,1,68,146,319,207,59,11,4,2
2000,Male,"All (preventable, intentional, undetermined)",Cannabis,0,0,0,5,8,13,3,0,0,0,0
2000,Male,"All (preventable, intentional, undetermined)",Cocaine,2,1,0,204,568,1107,699,93,19,5,0
2000,Male,"All (preventable, intentional, undetermined)",Opioid subgroup - heroin,0,0,0,180,337,586,399,52,5,1,0
2000,Male,"All (preventable, intentional, undetermined)",Opioid subgroup - methadone,1,3,2,62,120,244,170,26,3,1,0
2000,Male,"All (preventable, intentional, undetermined)",Opioid subgroup – including fentanyl,1,1,0,27,67,158,121,23,4,4,2
2000,Male,"All (preventable, intentional, undetermined)",Opioid subgroup – including oxycodone and hydrocodone,3,2,5,161,383,769,565,82,23,7,2
2000,Male,"All (preventable, intentional, undetermined)",Psychostimulants – incl. methamphetamine,0,0,0,66,99,152,86,9,1,1,0
2000,Male,Preventable/accidental,All drugs,6,8,9,824,1703,3199,2077,310,110,62,54
2000,Male,Preventable/accidental,Any Opioid,3,4,4,476,981,1827,1246,165,23,6,4
2000,Male,Preventable/accidental,Benzodiazepines,0,0,0,58,108,218,143,33,5,0,0
2000,Male,Preventable/accidental,Cannabis,0,0,0,4,5,11,2,0,0,0,0
2000,Male,Preventable/accidental,Cocaine,0,1,0,177,485,934,612,88,16,4,0
2000,Male,Preventable/accidental,Opioid subgroup - heroin,0,0,0,164,312,542,373,48,5,0,0
2000,Male,Preventable/accidental,Opioid subgroup - methadone,1,2,1,51,99,201,142,19,1,1,0
2000,Male,Preventable/accidental,Opioid subgroup – including fentanyl,1,0,0,18,42,111,78,14,2,0,1
2000,Male,Preventable/accidental,Opioid subgroup – including oxycodone and hydrocodone,1,1,2,139,311,587,432,63,10,2,1
2000,Male,Preventable/accidental,Psychostimulants – incl. methamphetamine,0,0,0,55,83,133,75,9,1,1,0
1999,Male,"All (preventable, intentional, undetermined)",All drugs,14,12,15,894,2322,4312,2723,560,222,121,53
1999,Male,"All (preventable, intentional, undetermined)",Any Opioid,4,4,4,480,1274,2440,1478,224,56,22,2
1999,Male,"All (preventable, intentional, undetermined)",Benzodiazepines,1,0,2,41,125,307,175,41,14,7,2
1999,Male,"All (preventable, intentional, undetermined)",Cannabis,0,0,0,6,3,15,1,1,0,0,0
1999,Male,"All (preventable, intentional, undetermined)",Cocaine,2,0,1,207,713,1218,687,120,17,2,0
1999,Male,"All (preventable, intentional, undetermined)",Opioid subgroup - heroin,0,0,1,160,329,673,417,58,9,4,1
1999,Male,"All (preventable, intentional, undetermined)",Opioid subgroup - methadone,0,1,0,41,104,221,126,14,5,0,0
1999,Male,"All (preventable, intentional, undetermined)",Opioid subgroup – including fentanyl,2,0,0,28,72,154,99,28,10,7,0
1999,Male,"All (preventable, intentional, undetermined)",Opioid subgroup – including oxycodone and hydrocodone,2,3,2,133,397,797,507,88,34,8,1
1999,Male,"All (preventable, intentional, undetermined)",Psychostimulants – incl. methamphetamine,0,0,0,41,92,157,84,12,3,0,0
1999,Male,Preventable/accidental,All drugs,7,8,9,663,1729,3138,1957,364,121,71,39
1999,Male,Preventable/accidental,Any Opioid,0,1,2,369,984,1871,1148,172,33,9,1
1999,Male,Preventable/accidental,Benzodiazepines,0,0,0,32,93,210,111,20,3,0,0
1999,Male,Preventable/accidental,Cannabis,0,0,0,5,2,10,1,1,0,0,0
1999,Male,Preventable/accidental,Cocaine,1,0,1,176,590,1020,593,108,17,2,0
1999,Male,Preventable/accidental,Opioid subgroup - heroin,0,0,0,135,294,598,382,55,9,4,1
1999,Male,Preventable/accidental,Opioid subgroup - methadone,0,0,0,35,88,187,101,13,3,0,0
1999,Male,Preventable/accidental,Opioid subgroup – including fentanyl,0,0,0,23,43,103,56,17,5,2,0
1999,Male,Preventable/accidental,Opioid subgroup – including oxycodone and hydrocodone,0,1,2,110,329,639,410,60,19,2,0
1999,Male,Preventable/accidental,Psychostimulants – incl. methamphetamine,0,0,0,35,80,129,70,10,3,0,0
